Workbook

Sheet Posts
A1: PostID | B1: Platform | C1: Date | D1: ContentType | E1: Hashtags | F1: Likes | G1: Shares | H1: Comments | I1: Clicks | J1: Reach | K1: Impressions | L1: Campaign
A2: A1 | B2: YouTube | C2: 45649 | D2: Image | E2: #AppleWatchUltra2 #HealthTech | F2: 24516 | G2: 976 | H2: 974 | I2: 2675 | J2: 23275 | K2: 202932 | L2: Apple Watch Ultra 2 Launch
A3: A2 | B3: LinkedIn | C3: 45903 | D3: Image | E3: #MacBookAirM3 #AppleInnovation | F3: 4779 | G3: 1110 | H3: 436 | I3: 1574 | J3: 77167 | K3: 71585 | L3: Apple Event September 2025
A4: A3 | B4: Instagram | C4: 45789 | D4: Tweet | E4: #AppleDesign #Innovation | F4: 19308 | G4: 1318 | H4: 795 | I4: 1499 | J4: 52307 | K4: 193087 | L4: Sustainability Awareness Drive
A5: A4 | B5: YouTube | C5: 45516 | D5: Video | E5: #AppleEvent #iPadPro | F5: 3581 | G5: 517 | H5: 880 | I5: 1925 | J5: 18636 | K5: 248611 | L5: iPhone 16 Launch
A6: A5 | B6: YouTube | C6: 45904 | D6: Video | E6: #AppleWatchUltra2 #HealthTech | F6: 21708 | G6: 435 | H6: 317 | I6: 1213 | J6: 70701 | K6: 83585 | L6: Apple Event September 2025
A7: A6 | B7: LinkedIn | C7: 45905 | D7: Image | E7: #ShotOniPhone | F7: 14677 | G7: 533 | H7: 759 | I7: 753 | J7: 23275 | K7: 66958 | L7: Apple Event September 2025
A8: A7 | B8: Instagram | C8: 45467 | D8: Carousel | E8: #AppleMusic #AppleLifestyle | F8: 7713 | G8: 575 | H8: 417 | I8: 336 | J8: 61660 | K8: 66017 | L8: iPhone 16 Launch
A9: A8 | B9: Instagram | C9: 45486 | D9: Video | E9: #AppleWatch #Health | F9: 18639 | G9: 1360 | H9: 898 | I9: 2011 | J9: 42841 | K9: 247779 | L9: iPhone 16 Launch
A10: A9 | B10: YouTube | C10: 45534 | D10: Carousel | E10: #MacBookAirM3 #AppleInnovation | F10: 6804 | G10: 787 | H10: 970 | I10: 1095 | J10: 56343 | K10: 164677 | L10: Apple Watch Ultra 2 Launch
A11: A10 | B11: Twitter | C11: 45727 | D11: Video | E11: #iPhone16Launch #AppleEvent | F11: 20222 | G11: 712 | H11: 604 | I11: 1272 | J11: 71598 | K11: 216422 | L11: Sustainability Awareness Drive
A12: A11 | B12: YouTube | C12: 45690 | D12: Carousel | E12: #AppleEvent #iPadPro | F12: 12136 | G12: 1117 | H12: 834 | I12: 892 | J12: 24675 | K12: 183273 | L12: Sustainability Awareness Drive
A13: A12 | B13: YouTube | C13: 45494 | D13: Tweet | E13: #MacBookAirM3 #AppleInnovation | F13: 2009 | G13: 1072 | H13: 550 | I13: 1437 | J13: 22982 | K13: 69426 | L13: iPhone 16 Launch
... A301: A300 | B301: LinkedIn | C301: 45926 | D301: Video | E301: #iPhone16Launch #AppleEvent | F301: 21216 | G301: 226 | H301: 187 | I301: 1573 | J301: 62688 | K301: 111031 | L301: Apple Event September 2025

Sheet Engagement Summary
A1: Week_Start_Date | B1: Platform | C1: New_Followers | D1: Unfollows | E1: Total_Followers | F1: Engagement_Rate | G1: Ad_Spend | H1: Campaign
A2: 45446 | B2: Instagram | C2: 4138 | D2: 361 | E2: 103777 | F2: 56.637791 | G2: 23944 | H2: ='Task 3.1'!N25 -> Health & Fitness Awareness
A3: 45446 | B3: Twitter | C3: 8693 | D3: 1261 | E3: 111209 | F3: 69.475492 | G3: 29873 | H3: ='Task 3.1'!N26 -> Health & Fitness Awareness
A4: 45446 | B4: YouTube | C4: 9264 | D4: 1141 | E4: 119332 | F4: 92.312205 | G4: 50372 | H4: ='Task 3.1'!N27 -> Sustainability Branding
A5: 45446 | B5: YouTube | C5: 8842 | D5: 971 | E5: 127203 | F5: 16.351816 | G5: 33928 | H5: ='Task 3.1'!N28 -> Sustainability Branding
A6: 45453 | B6: Instagram | C6: 7721 | D6: 506 | E6: 134418 | F6: 35.577824 | G6: 25379 | H6: ='Task 3.1'!N29 -> Health & Fitness Awareness
A7: 45453 | B7: YouTube | C7: 8002 | D7: 524 | E7: 141896 | F7: 52.064893 | G7: 46751 | H7: ='Task 3.1'!N30 -> Health & Fitness Awareness
A8: 45453 | B8: Twitter | C8: 5225 | D8: 291 | E8: 146830 | F8: 19.551863 | G8: 44546 | H8: ='Task 3.1'!N31 -> Product Launch
A9: 45453 | B9: Twitter | C9: 3978 | D9: 543 | E9: 150265 | F9: 49.159818 | G9: 34286 | H9: ='Task 3.1'!N32 -> Health & Fitness Awareness
A10: 45460 | B10: Instagram | C10: 8373 | D10: 921 | E10: 157717 | F10: 12.226329 | G10: 15110 | H10: ='Task 3.1'!N33 -> Health & Fitness Awareness
A11: 45460 | B11: Twitter | C11: 6907 | D11: 834 | E11: 163790 | F11: 54.158984 | G11: 22087 | H11: ='Task 3.1'!N34 -> Product Launch
A12: 45460 | B12: LinkedIn | C12: 7097 | D12: 369 | E12: 170518 | F12: 9.2506363 | G12: 33762 | H12: ='Task 3.1'!N35 -> Brand Engagement
A13: 45460 | B13: Instagram | C13: 6656 | D13: 978 | E13: 176196 | F13: 60.425889 | G13: 27081 | H13: ='Task 3.1'!N36 -> Brand Engagement
... A201: 45789 | B201: Twitter | C201: 8527 | D201: 1091 | E201: 1186398 | F201: 1.6760817 | G201: 41703 | H201: ='Task 3.1'!N224 -> Health & Fitness Awareness

Sheet Campaign Management
A1: Campaign_Name | B1: Start_Date | C1: End_Date | D1: Objective | E1: Ad_Spend | F1: Impressions | G1: Engagement_Uplift
A2: iPhone 16 Launch | B2: 45458 | C2: 45488 | D2: Product Launch | E2: 85000 | F2: 950000 | G2: 0.45
A3: MacBook Air M3 Campaign | B3: 45566 | C3: 45596 | D3: Product Promotion | E3: 60000 | F3: 780000 | G3: 0.38
A4: Apple Watch Ultra 2 Launch | B4: 45651 | C4: 45667 | D4: Health & Fitness Awareness | E4: 55000 | F4: 700000 | G4: 0.41
A5: Sustainability Awareness Drive | B5: 45717 | C5: 45747 | D5: Sustainability Branding | E5: 40000 | F5: 550000 | G5: 0.32
A6: Apple Event September 2025 | B6: 45901 | C6: 45930 | D6: Brand Engagement | E6: 75000 | F6: 880000 | G6: 0.47

Sheet Task 1
A1: PostID | B1: Platform | C1: Date | D1: ContentType | E1: Hashtags | F1: Likes | G1: Shares | H1: Comments | I1: Clicks | J1: Reach | K1: Impressions | L1: Campaign
A2: A1 | B2: YouTube | C2: 45649 | D2: Image | E2: #AppleWatchUltra2 | F2: 24516 | G2: 976 | H2: 974 | I2: 2675 | J2: 23275 | K2: 202932 | L2: Apple Watch Ultra 2 Launch
A3: A1 | B3: YouTube | C3: 45649 | D3: Image | E3: #HealthTech | F3: 24516 | G3: 976 | H3: 974 | I3: 2675 | J3: 23275 | K3: 202932 | L3: Apple Watch Ultra 2 Launch
A4: A2 | B4: LinkedIn | C4: 45903 | D4: Image | E4: #MacBookAirM3 | F4: 4779 | G4: 1110 | H4: 436 | I4: 1574 | J4: 77167 | K4: 71585 | L4: Apple Event September 2025
A5: A2 | B5: LinkedIn | C5: 45903 | D5: Image | E5: #AppleInnovation | F5: 4779 | G5: 1110 | H5: 436 | I5: 1574 | J5: 77167 | K5: 71585 | L5: Apple Event September 2025
A6: A3 | B6: Instagram | C6: 45789 | D6: Tweet | E6: #AppleDesign | F6: 19308 | G6: 1318 | H6: 795 | I6: 1499 | J6: 52307 | K6: 193087 | L6: Sustainability Awareness Drive
A7: A3 | B7: Instagram | C7: 45789 | D7: Tweet | E7: #Innovation | F7: 19308 | G7: 1318 | H7: 795 | I7: 1499 | J7: 52307 | K7: 193087 | L7: Sustainability Awareness Drive
A8: A4 | B8: YouTube | C8: 45516 | D8: Video | E8: #AppleEvent | F8: 3581 | G8: 517 | H8: 880 | I8: 1925 | J8: 18636 | K8: 248611 | L8: iPhone 16 Launch | O8: Approach to Task 1
A9: A4 | B9: YouTube | C9: 45516 | D9: Video | E9: #iPadPro | F9: 3581 | G9: 517 | H9: 880 | I9: 1925 | J9: 18636 | K9: 248611 | L9: iPhone 16 Launch
A10: A5 | B10: YouTube | C10: 45904 | D10: Video | E10: #AppleWatchUltra2 | F10: 21708 | G10: 435 | H10: 317 | I10: 1213 | J10: 70701 | K10: 83585 | L10: Apple Event September 2025 | N10: 1.1 | O10: Removing duplicate posts using Power Query in the 'Posts' dataset, there were no duplicates in the data.
A11: A5 | B11: YouTube | C11: 45904 | D11: Video | E11: #HealthTech | F11: 21708 | G11: 435 | H11: 317 | I11: 1213 | J11: 70701 | K11: 83585 | L11: Apple Event September 2025 | N11: 1.2 | O11: Standardized dates and platform names using Power Query, set it to 'Date' format for the entire workbook.
A12: A6 | B12: LinkedIn | C12: 45905 | D12: Image | E12: #ShotOniPhone | F12: 14677 | G12: 533 | H12: 759 | I12: 753 | J12: 23275 | K12: 66958 | L12: Apple Event September 2025 | N12: 1.3 | O12: Formatted all the numeric columns using Power Query and set them to whole numbers or decimals as needed.
A13: A7 | B13: Instagram | C13: 45467 | D13: Carousel | E13: #AppleMusic | F13: 7713 | G13: 575 | H13: 417 | I13: 336 | J13: 61660 | K13: 66017 | L13: iPhone 16 Launch | N13: 1.4 | O13: Split hashtags using space as delimiter using advanced split to rows in Power Query, split them in rows to make futher processing easier.
A14: A7 | B14: Instagram | C14: 45467 | D14: Carousel | E14: #AppleLifestyle | F14: 7713 | G14: 575 | H14: 417 | I14: 336 | J14: 61660 | K14: 66017 | L14: iPhone 16 Launch
A15: A8 | B15: Instagram | C15: 45486 | D15: Video | E15: #AppleWatch | F15: 18639 | G15: 1360 | H15: 898 | I15: 2011 | J15: 42841 | K15: 247779 | L15: iPhone 16 Launch
A16: A8 | B16: Instagram | C16: 45486 | D16: Video | E16: #Health | F16: 18639 | G16: 1360 | H16: 898 | I16: 2011 | J16: 42841 | K16: 247779 | L16: iPhone 16 Launch
A17: A9 | B17: YouTube | C17: 45534 | D17: Carousel | E17: #MacBookAirM3 | F17: 6804 | G17: 787 | H17: 970 | I17: 1095 | J17: 56343 | K17: 164677 | L17: Apple Watch Ultra 2 Launch
A18: A9 | B18: YouTube | C18: 45534 | D18: Carousel | E18: #AppleInnovation | F18: 6804 | G18: 787 | H18: 970 | I18: 1095 | J18: 56343 | K18: 164677 | L18: Apple Watch Ultra 2 Launch
A19: A10 | B19: Twitter | C19: 45727 | D19: Video | E19: #iPhone16Launch | F19: 20222 | G19: 712 | H19: 604 | I19: 1272 | J19: 71598 | K19: 216422 | L19: Sustainability Awareness Drive
A20: A10 | B20: Twitter | C20: 45727 | D20: Video | E20: #AppleEvent | F20: 20222 | G20: 712 | H20: 604 | I20: 1272 | J20: 71598 | K20: 216422 | L20: Sustainability Awareness Drive
A21: A11 | B21: YouTube | C21: 45690 | D21: Carousel | E21: #AppleEvent | F21: 12136 | G21: 1117 | H21: 834 | I21: 892 | J21: 24675 | K21: 183273 | L21: Sustainability Awareness Drive
A22: A11 | B22: YouTube | C22: 45690 | D22: Carousel | E22: #iPadPro | F22: 12136 | G22: 1117 | H22: 834 | I22: 892 | J22: 24675 | K22: 183273 | L22: Sustainability Awareness Drive
A23: A12 | B23: YouTube | C23: 45494 | D23: Tweet | E23: #MacBookAirM3 | F23: 2009 | G23: 1072 | H23: 550 | I23: 1437 | J23: 22982 | K23: 69426 | L23: iPhone 16 Launch
A24: A12 | B24: YouTube | C24: 45494 | D24: Tweet | E24: #AppleInnovation | F24: 2009 | G24: 1072 | H24: 550 | I24: 1437 | J24: 22982 | K24: 69426 | L24: iPhone 16 Launch
A25: A13 | B25: YouTube | C25: 45614 | D25: Carousel | E25: #AppleMusic | F25: 21255 | G25: 1452 | H25: 625 | I25: 1624 | J25: 21282 | K25: 57778 | L25: MacBook Air M3 Campaign
... A568: A300 | B568: LinkedIn | C568: 45926 | D568: Video | E568: #AppleEvent | F568: 21216 | G568: 226 | H568: 187 | I568: 1573 | J568: 62688 | K568: 111031 | L568: Apple Event September 2025

Sheet Task 2
A1: PostID | B1: Platform | C1: Date | D1: ContentType | E1: Hashtags | F1: Likes | G1: Shares | H1: Comments | I1: Clicks | J1: Reach | K1: Impressions | L1: Campaign | M1: Engagement Rate | R1: Average Engagement Rate per Platform | V1: Approach for Task 2.1
A2: A82 | B2: LinkedIn | C2: 45497 | D2: Video | E2: #AppleMusic #AppleLifestyle | F2: 22914 | G2: 954 | H2: 584 | I2: 1519 | J2: 13637 | K2: 49847 | L2: Apple Watch Ultra 2 Launch | M2: =(Table1_30[[#This Row],[Likes]]+Table1_30[[#This Row],[Shares]]+Table1_30[[#This Row],[Comments]])/Table1_30[[#This Row],[Impressions]] -> 0.49054106
A3: A201 | B3: YouTube | C3: 45672 | D3: Tweet | E3: #ShotOniPhone | F3: 20360 | G3: 254 | H3: 726 | I3: 1995 | J3: 14280 | K3: 43726 | L3: iPhone 16 Launch | M3: =(Table1_30[[#This Row],[Likes]]+Table1_30[[#This Row],[Shares]]+Table1_30[[#This Row],[Comments]])/Table1_30[[#This Row],[Impressions]] -> 0.48803915 | R3: Instagram | S3: =AVERAGEIF(Table1_30[Platform],R3,Table1_30[Engagement Rate]) -> 0.11777136 | V3: Calculated the engagement rates without spliting the hashtag in this one, it’s the same value both ways.
A4: A121 | B4: LinkedIn | C4: 45502 | D4: Video | E4: #AppleWatchUltra2 #HealthTech | F4: 19144 | G4: 1182 | H4: 860 | I4: 1398 | J4: 4185 | K4: 46570 | L4: Apple Watch Ultra 2 Launch | M4: =(Table1_30[[#This Row],[Likes]]+Table1_30[[#This Row],[Shares]]+Table1_30[[#This Row],[Comments]])/Table1_30[[#This Row],[Impressions]] -> 0.45492807 | R4: LinkedIn | S4: =AVERAGEIF(Table1_30[Platform],R4,Table1_30[Engagement Rate]) -> 0.12413747
A5: A127 | B5: Twitter | C5: 45684 | D5: Image | E5: #AppleEvent #iPhone16 | F5: 24415 | G5: 860 | H5: 931 | I5: 320 | J5: 65049 | K5: 62911 | L5: Apple Watch Ultra 2 Launch | M5: =(Table1_30[[#This Row],[Likes]]+Table1_30[[#This Row],[Shares]]+Table1_30[[#This Row],[Comments]])/Table1_30[[#This Row],[Impressions]] -> 0.41655672 | R5: Twitter | S5: =AVERAGEIF(Table1_30[Platform],R5,Table1_30[Engagement Rate]) -> 0.13887773
A6: A13 | B6: YouTube | C6: 45614 | D6: Carousel | E6: #AppleMusic #AppleLifestyle | F6: 21255 | G6: 1452 | H6: 625 | I6: 1624 | J6: 21282 | K6: 57778 | L6: MacBook Air M3 Campaign | M6: =(Table1_30[[#This Row],[Likes]]+Table1_30[[#This Row],[Shares]]+Table1_30[[#This Row],[Comments]])/Table1_30[[#This Row],[Impressions]] -> 0.40382152 | R6: Youtube | S6: =AVERAGEIF(Table1_30[Platform],R6,Table1_30[Engagement Rate]) -> 0.11218828
A7: A123 | B7: Twitter | C7: 45457 | D7: Video | E7: #AppleEvent #iPhone16 | F7: 17183 | G7: 1224 | H7: 943 | I7: 2010 | J7: 21481 | K7: 49110 | L7: Sustainability Awareness Drive | M7: =(Table1_30[[#This Row],[Likes]]+Table1_30[[#This Row],[Shares]]+Table1_30[[#This Row],[Comments]])/Table1_30[[#This Row],[Impressions]] -> 0.39401344
A8: A287 | B8: Instagram | C8: 45519 | D8: Video | E8: #AppleEvent #iPadPro | F8: 14977 | G8: 274 | H8: 798 | I8: 458 | J8: 6636 | K8: 43654 | L8: Apple Watch Ultra 2 Launch | M8: =(Table1_30[[#This Row],[Likes]]+Table1_30[[#This Row],[Shares]]+Table1_30[[#This Row],[Comments]])/Table1_30[[#This Row],[Impressions]] -> 0.367641
A9: A226 | B9: Twitter | C9: 45908 | D9: Tweet | E9: #AppleWatch #Health | F9: 23785 | G9: 1013 | H9: 468 | I9: 1628 | J9: 8272 | K9: 71348 | L9: Apple Event September 2025 | M9: =(Table1_30[[#This Row],[Likes]]+Table1_30[[#This Row],[Shares]]+Table1_30[[#This Row],[Comments]])/Table1_30[[#This Row],[Impressions]] -> 0.35412345 | R9: Top 10 apple post IDs with highest engagement | V9: Approach for task 2.2
A10: A231 | B10: Twitter | C10: 45909 | D10: Image | E10: #AppleMusic #AppleLifestyle | F10: 19260 | G10: 668 | H10: 994 | I10: 934 | J10: 20509 | K10: 61636 | L10: Apple Event September 2025 | M10: =(Table1_30[[#This Row],[Likes]]+Table1_30[[#This Row],[Shares]]+Table1_30[[#This Row],[Comments]])/Table1_30[[#This Row],[Impressions]] -> 0.33944448
A11: A185 | B11: Instagram | C11: 45668 | D11: Image | E11: #MacBookAirM3 #AppleInnovation | F11: 21181 | G11: 1242 | H11: 963 | I11: 1689 | J11: 49329 | K11: 69165 | L11: Apple Watch Ultra 2 Launch | M11: =(Table1_30[[#This Row],[Likes]]+Table1_30[[#This Row],[Shares]]+Table1_30[[#This Row],[Comments]])/Table1_30[[#This Row],[Impressions]] -> 0.33811899 | R11: A82 | V11: Due to calculating the engagement rates with the hashtags not split, I simply had to sort the cells from largest to smallest on the basis of their engagement rates.
A12: A106 | B12: Twitter | C12: 45692 | D12: Carousel | E12: #AppleWatch #Health | F12: 23833 | G12: 555 | H12: 523 | I12: 1330 | J12: 69141 | K12: 73997 | L12: iPhone 16 Launch | M12: =(Table1_30[[#This Row],[Likes]]+Table1_30[[#This Row],[Shares]]+Table1_30[[#This Row],[Comments]])/Table1_30[[#This Row],[Impressions]] -> 0.33664878 | R12: A201
A13: A174 | B13: LinkedIn | C13: 45465 | D13: Carousel | E13: #AppleWatchUltra2 #HealthTech | F13: 13479 | G13: 1189 | H13: 695 | I13: 416 | J13: 30229 | K13: 45704 | L13: Apple Watch Ultra 2 Launch | M13: =(Table1_30[[#This Row],[Likes]]+Table1_30[[#This Row],[Shares]]+Table1_30[[#This Row],[Comments]])/Table1_30[[#This Row],[Impressions]] -> 0.33614126 | R13: A121
A14: A254 | B14: Instagram | C14: 45671 | D14: Carousel | E14: #AppleEvent #iPhone16 | F14: 24350 | G14: 460 | H14: 666 | I14: 814 | J14: 21120 | K14: 76914 | L14: Apple Watch Ultra 2 Launch | M14: =(Table1_30[[#This Row],[Likes]]+Table1_30[[#This Row],[Shares]]+Table1_30[[#This Row],[Comments]])/Table1_30[[#This Row],[Impressions]] -> 0.33122708 | R14: A127
A15: A223 | B15: Twitter | C15: 45608 | D15: Video | E15: #AppleDesign #Innovation | F15: 17913 | G15: 1311 | H15: 859 | I15: 405 | J15: 59842 | K15: 62612 | L15: Sustainability Awareness Drive | M15: =(Table1_30[[#This Row],[Likes]]+Table1_30[[#This Row],[Shares]]+Table1_30[[#This Row],[Comments]])/Table1_30[[#This Row],[Impressions]] -> 0.32075321 | R15: A13
A16: A164 | B16: LinkedIn | C16: 45715 | D16: Image | E16: #MacBookAirM3 #AppleInnovation | F16: 16178 | G16: 1048 | H16: 871 | I16: 2553 | J16: 39025 | K16: 59508 | L16: Apple Watch Ultra 2 Launch | M16: =(Table1_30[[#This Row],[Likes]]+Table1_30[[#This Row],[Shares]]+Table1_30[[#This Row],[Comments]])/Table1_30[[#This Row],[Impressions]] -> 0.30411037 | R16: A123
A17: A151 | B17: YouTube | C17: 45499 | D17: Video | E17: #MacBookProM3 | F17: 18282 | G17: 224 | H17: 962 | I17: 890 | J17: 35105 | K17: 64089 | L17: iPhone 16 Launch | M17: =(Table1_30[[#This Row],[Likes]]+Table1_30[[#This Row],[Shares]]+Table1_30[[#This Row],[Comments]])/Table1_30[[#This Row],[Impressions]] -> 0.30376508 | R17: A287
A18: A140 | B18: Instagram | C18: 45488 | D18: Tweet | E18: #AppleMusic #AppleLifestyle | F18: 14891 | G18: 674 | H18: 521 | I18: 1091 | J18: 18101 | K18: 53669 | L18: Apple Watch Ultra 2 Launch | M18: =(Table1_30[[#This Row],[Likes]]+Table1_30[[#This Row],[Shares]]+Table1_30[[#This Row],[Comments]])/Table1_30[[#This Row],[Impressions]] -> 0.2997261 | R18: A226
A19: A83 | B19: Instagram | C19: 45580 | D19: Carousel | E19: #ShotOniPhone | F19: 17781 | G19: 993 | H19: 627 | I19: 2187 | J19: 9609 | K19: 66155 | L19: iPhone 16 Launch | M19: =(Table1_30[[#This Row],[Likes]]+Table1_30[[#This Row],[Shares]]+Table1_30[[#This Row],[Comments]])/Table1_30[[#This Row],[Impressions]] -> 0.29326582 | R19: A231
A20: A196 | B20: Twitter | C20: 45918 | D20: Tweet | E20: #MacBookProM3 | F20: 10152 | G20: 1445 | H20: 526 | I20: 513 | J20: 18959 | K20: 43712 | L20: Apple Event September 2025 | M20: =(Table1_30[[#This Row],[Likes]]+Table1_30[[#This Row],[Shares]]+Table1_30[[#This Row],[Comments]])/Table1_30[[#This Row],[Impressions]] -> 0.27733803 | R20: A185
A21: A136 | B21: Instagram | C21: 45932 | D21: Carousel | E21: #AppleDesign #Innovation | F21: 12161 | G21: 736 | H21: 876 | I21: 1233 | J21: 21337 | K21: 50225 | L21: Apple Event September 2025 | M21: =(Table1_30[[#This Row],[Likes]]+Table1_30[[#This Row],[Shares]]+Table1_30[[#This Row],[Comments]])/Table1_30[[#This Row],[Impressions]] -> 0.27422598
A22: A5 | B22: YouTube | C22: 45904 | D22: Video | E22: #AppleWatchUltra2 #HealthTech | F22: 21708 | G22: 435 | H22: 317 | I22: 1213 | J22: 70701 | K22: 83585 | L22: Apple Event September 2025 | M22: =(Table1_30[[#This Row],[Likes]]+Table1_30[[#This Row],[Shares]]+Table1_30[[#This Row],[Comments]])/Table1_30[[#This Row],[Impressions]] -> 0.2687085
A23: A80 | B23: LinkedIn | C23: 45456 | D23: Image | E23: #AppleWatchUltra2 #HealthTech | F23: 14173 | G23: 294 | H23: 257 | I23: 1288 | J23: 39466 | K23: 55563 | L23: MacBook Air M3 Campaign | M23: =(Table1_30[[#This Row],[Likes]]+Table1_30[[#This Row],[Shares]]+Table1_30[[#This Row],[Comments]])/Table1_30[[#This Row],[Impressions]] -> 0.26499649
A24: A150 | B24: LinkedIn | C24: 45526 | D24: Video | E24: #iPhonePhotography #ShotOniPhone | F24: 16124 | G24: 863 | H24: 337 | I24: 819 | J24: 85788 | K24: 68625 | L24: iPhone 16 Launch | M24: =(Table1_30[[#This Row],[Likes]]+Table1_30[[#This Row],[Shares]]+Table1_30[[#This Row],[Comments]])/Table1_30[[#This Row],[Impressions]] -> 0.25244444
A25: A220 | B25: YouTube | C25: 45445 | D25: Video | E25: #MacBookAirM3 #AppleInnovation | F25: 14199 | G25: 1206 | H25: 954 | I25: 2009 | J25: 8 | K25: 65537 | L25: Sustainability Awareness Drive | M25: =(Table1_30[[#This Row],[Likes]]+Table1_30[[#This Row],[Shares]]+Table1_30[[#This Row],[Comments]])/Table1_30[[#This Row],[Impressions]] -> 0.24961472
A26: A21 | B26: Twitter | C26: 45908 | D26: Carousel | E26: #iPhonePhotography #ShotOniPhone | F26: 22309 | G26: 773 | H26: 854 | I26: 2387 | J26: 72396 | K26: 97056 | L26: Apple Event September 2025 | M26: =(Table1_30[[#This Row],[Likes]]+Table1_30[[#This Row],[Shares]]+Table1_30[[#This Row],[Comments]])/Table1_30[[#This Row],[Impressions]] -> 0.24662051
A27: A244 | B27: Instagram | C27: 45913 | D27: Video | E27: #iPhonePhotography #ShotOniPhone | F27: 15046 | G27: 281 | H27: 515 | I27: 550 | J27: 22583 | K27: 64596 | L27: Apple Event September 2025 | M27: =(Table1_30[[#This Row],[Likes]]+Table1_30[[#This Row],[Shares]]+Table1_30[[#This Row],[Comments]])/Table1_30[[#This Row],[Impressions]] -> 0.24524738
A28: A76 | B28: Twitter | C28: 45603 | D28: Carousel | E28: #ShotOniPhone | F28: 17254 | G28: 246 | H28: 952 | I28: 871 | J28: 14957 | K28: 75946 | L28: MacBook Air M3 Campaign | M28: =(Table1_30[[#This Row],[Likes]]+Table1_30[[#This Row],[Shares]]+Table1_30[[#This Row],[Comments]])/Table1_30[[#This Row],[Impressions]] -> 0.2429621
A29: A216 | B29: Instagram | C29: 45502 | D29: Tweet | E29: #AppleWatchUltra2 #HealthTech | F29: 22590 | G29: 1462 | H29: 966 | I29: 2463 | J29: 29689 | K29: 103449 | L29: Sustainability Awareness Drive | M29: =(Table1_30[[#This Row],[Likes]]+Table1_30[[#This Row],[Shares]]+Table1_30[[#This Row],[Comments]])/Table1_30[[#This Row],[Impressions]] -> 0.24183897
A30: A51 | B30: YouTube | C30: 45456 | D30: Carousel | E30: #AppleWatch #Health | F30: 23164 | G30: 1122 | H30: 900 | I30: 888 | J30: 36938 | K30: 104674 | L30: Apple Watch Ultra 2 Launch | M30: =(Table1_30[[#This Row],[Likes]]+Table1_30[[#This Row],[Shares]]+Table1_30[[#This Row],[Comments]])/Table1_30[[#This Row],[Impressions]] -> 0.24061371
A31: A6 | B31: LinkedIn | C31: 45905 | D31: Image | E31: #ShotOniPhone | F31: 14677 | G31: 533 | H31: 759 | I31: 753 | J31: 23275 | K31: 66958 | L31: Apple Event September 2025 | M31: =(Table1_30[[#This Row],[Likes]]+Table1_30[[#This Row],[Shares]]+Table1_30[[#This Row],[Comments]])/Table1_30[[#This Row],[Impressions]] -> 0.23849279
A32: A289 | B32: Instagram | C32: 45624 | D32: Carousel | E32: #AppleMusic #AppleLifestyle | F32: 18644 | G32: 1369 | H32: 887 | I32: 1256 | J32: 43415 | K32: 88368 | L32: Sustainability Awareness Drive | M32: =(Table1_30[[#This Row],[Likes]]+Table1_30[[#This Row],[Shares]]+Table1_30[[#This Row],[Comments]])/Table1_30[[#This Row],[Impressions]] -> 0.23651095
... A301: A167 | B301: LinkedIn | C301: 45624 | D301: Carousel | E301: #AppleEvent #iPhone16 | F301: 2302 | G301: 347 | H301: 642 | I301: 2175 | J301: 56378 | K301: 198056 | L301: MacBook Air M3 Campaign | M301: =(Table1_30[[#This Row],[Likes]]+Table1_30[[#This Row],[Shares]]+Table1_30[[#This Row],[Comments]])/Table1_30[[#This Row],[Impressions]] -> 0.016616513

Sheet Task 2.3.1
D1: Pivot Table for comments, likes and shares by Content type and platform
G2: Approach for Task 2.3.1
B3: Sum of Likes | C3: Sum of Shares | D3: Sum of Comments
A4: Carousel | B4: 2251442 | C4: 155628 | D4: 101098 | F4: 1 | G4: Created a Pivot Table on the basis of our original table(preprocessed and cleaned)
A5: Instagram | B5: 494652 | C5: 30544 | D5: 24544 | F5: 2 | G5: Dragged and selected the columns Content type an Platform in rows.
A6: LinkedIn | B6: 450340 | C6: 34985 | D6: 22476 | F6: 3 | G6: Columns Likes, Shares and Comments in Values with the summation
A7: Twitter | B7: 763475 | C7: 41158 | D7: 27000
A8: YouTube | B8: 542975 | C8: 48941 | D8: 27078
A9: Image | B9: 1653566 | C9: 105415 | D9: 73110
A10: Instagram | B10: 394233 | C10: 33741 | D10: 19677
A11: LinkedIn | B11: 604302 | C11: 38355 | D11: 26447
A12: Twitter | B12: 286840 | C12: 14467 | D12: 11640
A13: YouTube | B13: 368191 | C13: 18852 | D13: 15346
A14: Tweet | B14: 1764491 | C14: 119160 | D14: 70897
A15: Instagram | B15: 409260 | C15: 28708 | D15: 17688
A16: LinkedIn | B16: 549235 | C16: 34597 | D16: 21790
A17: Twitter | B17: 469305 | C17: 29067 | D17: 16683
A18: YouTube | B18: 336691 | C18: 26788 | D18: 14736
... A24: Grand Total | B24: 7687630 | C24: 495823 | D24: 324935

Sheet Task 2.3.2
D1: Pivot Table for Average clicks per post by hashtag
A3: Row Labels | B3: Average of Clicks
A4: #iPhone16Launch | B4: 1811.3103 | D4: Approach for Task 2.3.2
A5: #Health | B5: 1711.5135
A6: #AppleWatch | B6: 1711.5135 | D6: Created a Pivot table with separated 'Hashtag' rows and clicks in values with Average
A7: #iPhonePhotography | B7: 1706.76
A8: #MacBookAirM3 | B8: 1680.3571
A9: #AppleInnovation | B9: 1680.3571
A10: #AppleWatchUltra2 | B10: 1674.96
A11: #HealthTech | B11: 1674.96
A12: #ShotOniPhone | B12: 1662.3415
A13: #AppleEvent | B13: 1639.225
A14: #AppleDesign | B14: 1592.72
A15: #Innovation | B15: 1592.72
A16: #iPhone16 | B16: 1579.4375
A17: #iPadPro | B17: 1477.2632
A18: #AppleLifestyle | B18: 1463.2941
... A23: Grand Total | B23: 1616.5838

Sheet Task 2.4
A1: PostID | B1: Platform | C1: Date | D1: ContentType | E1: Hashtags | F1: Likes | G1: Shares | H1: Comments | I1: Clicks | J1: Reach | K1: Impressions | L1: Campaign | M1: Engagement Rate
A2: A82 | B2: LinkedIn | C2: 45497 | D2: Video | E2: #AppleMusic | F2: 22914 | G2: 954 | H2: 584 | I2: 1519 | J2: 13637 | K2: 49847 | L2: Apple Watch Ultra 2 Launch | M2: 0.49054106
A3: A82 | B3: LinkedIn | C3: 45497 | D3: Video | E3: #AppleLifestyle | F3: 22914 | G3: 954 | H3: 584 | I3: 1519 | J3: 13637 | K3: 49847 | L3: Apple Watch Ultra 2 Launch | M3: 0.49054106
A4: A201 | B4: YouTube | C4: 45672 | D4: Tweet | E4: #ShotOniPhone | F4: 20360 | G4: 254 | H4: 726 | I4: 1995 | J4: 14280 | K4: 43726 | L4: iPhone 16 Launch | M4: 0.48803915
A5: A121 | B5: LinkedIn | C5: 45502 | D5: Video | E5: #AppleWatchUltra2 | F5: 19144 | G5: 1182 | H5: 860 | I5: 1398 | J5: 4185 | K5: 46570 | L5: Apple Watch Ultra 2 Launch | M5: 0.45492807
A6: A121 | B6: LinkedIn | C6: 45502 | D6: Video | E6: #HealthTech | F6: 19144 | G6: 1182 | H6: 860 | I6: 1398 | J6: 4185 | K6: 46570 | L6: Apple Watch Ultra 2 Launch | M6: 0.45492807 | P6: Hashtags | Q6: Average of Clicks
A7: A127 | B7: Twitter | C7: 45684 | D7: Image | E7: #AppleEvent | F7: 24415 | G7: 860 | H7: 931 | I7: 320 | J7: 65049 | K7: 62911 | L7: Apple Watch Ultra 2 Launch | M7: 0.41655672 | P7: #iPhone16Launch | Q7: 1811.3103
A8: A127 | B8: Twitter | C8: 45684 | D8: Image | E8: #iPhone16 | F8: 24415 | G8: 860 | H8: 931 | I8: 320 | J8: 65049 | K8: 62911 | L8: Apple Watch Ultra 2 Launch | M8: 0.41655672 | P8: #Health | Q8: 1711.5135
A9: A13 | B9: YouTube | C9: 45614 | D9: Carousel | E9: #AppleMusic | F9: 21255 | G9: 1452 | H9: 625 | I9: 1624 | J9: 21282 | K9: 57778 | L9: MacBook Air M3 Campaign | M9: 0.40382152 | P9: #AppleWatch | Q9: 1711.5135
A10: A13 | B10: YouTube | C10: 45614 | D10: Carousel | E10: #AppleLifestyle | F10: 21255 | G10: 1452 | H10: 625 | I10: 1624 | J10: 21282 | K10: 57778 | L10: MacBook Air M3 Campaign | M10: 0.40382152 | P10: #iPhonePhotography | Q10: 1706.76
A11: A123 | B11: Twitter | C11: 45457 | D11: Video | E11: #AppleEvent | F11: 17183 | G11: 1224 | H11: 943 | I11: 2010 | J11: 21481 | K11: 49110 | L11: Sustainability Awareness Drive | M11: 0.39401344 | P11: #MacBookAirM3 | Q11: 1680.3571
A12: A123 | B12: Twitter | C12: 45457 | D12: Video | E12: #iPhone16 | F12: 17183 | G12: 1224 | H12: 943 | I12: 2010 | J12: 21481 | K12: 49110 | L12: Sustainability Awareness Drive | M12: 0.39401344
A13: A287 | B13: Instagram | C13: 45519 | D13: Video | E13: #AppleEvent | F13: 14977 | G13: 274 | H13: 798 | I13: 458 | J13: 6636 | K13: 43654 | L13: Apple Watch Ultra 2 Launch | M13: 0.367641
A14: A287 | B14: Instagram | C14: 45519 | D14: Video | E14: #iPadPro | F14: 14977 | G14: 274 | H14: 798 | I14: 458 | J14: 6636 | K14: 43654 | L14: Apple Watch Ultra 2 Launch | M14: 0.367641 | P14: Approach for Task 2.4
A15: A226 | B15: Twitter | C15: 45908 | D15: Tweet | E15: #AppleWatch | F15: 23785 | G15: 1013 | H15: 468 | I15: 1628 | J15: 8272 | K15: 71348 | L15: Apple Event September 2025 | M15: 0.35412345
A16: A226 | B16: Twitter | C16: 45908 | D16: Tweet | E16: #Health | F16: 23785 | G16: 1013 | H16: 468 | I16: 1628 | J16: 8272 | K16: 71348 | L16: Apple Event September 2025 | M16: 0.35412345
A17: A231 | B17: Twitter | C17: 45909 | D17: Image | E17: #AppleMusic | F17: 19260 | G17: 668 | H17: 994 | I17: 934 | J17: 20509 | K17: 61636 | L17: Apple Event September 2025 | M17: 0.33944448 | O17: 1 | P17: On the basis of clicks on posts with related hashtags the top performing hashtags are the above hashtags.
A18: A231 | B18: Twitter | C18: 45909 | D18: Image | E18: #AppleLifestyle | F18: 19260 | G18: 668 | H18: 994 | I18: 934 | J18: 20509 | K18: 61636 | L18: Apple Event September 2025 | M18: 0.33944448 | O18: 2 | P18: Clicks is taken as a factor so that we can understand Apple's audience and engagement trends better.
A19: A185 | B19: Instagram | C19: 45668 | D19: Image | E19: #MacBookAirM3 | F19: 21181 | G19: 1242 | H19: 963 | I19: 1689 | J19: 49329 | K19: 69165 | L19: Apple Watch Ultra 2 Launch | M19: 0.33811899
A20: A185 | B20: Instagram | C20: 45668 | D20: Image | E20: #AppleInnovation | F20: 21181 | G20: 1242 | H20: 963 | I20: 1689 | J20: 49329 | K20: 69165 | L20: Apple Watch Ultra 2 Launch | M20: 0.33811899
A21: A106 | B21: Twitter | C21: 45692 | D21: Carousel | E21: #AppleWatch | F21: 23833 | G21: 555 | H21: 523 | I21: 1330 | J21: 69141 | K21: 73997 | L21: iPhone 16 Launch | M21: 0.33664878
A22: A106 | B22: Twitter | C22: 45692 | D22: Carousel | E22: #Health | F22: 23833 | G22: 555 | H22: 523 | I22: 1330 | J22: 69141 | K22: 73997 | L22: iPhone 16 Launch | M22: 0.33664878
A23: A174 | B23: LinkedIn | C23: 45465 | D23: Carousel | E23: #AppleWatchUltra2 | F23: 13479 | G23: 1189 | H23: 695 | I23: 416 | J23: 30229 | K23: 45704 | L23: Apple Watch Ultra 2 Launch | M23: 0.33614126
A24: A174 | B24: LinkedIn | C24: 45465 | D24: Carousel | E24: #HealthTech | F24: 13479 | G24: 1189 | H24: 695 | I24: 416 | J24: 30229 | K24: 45704 | L24: Apple Watch Ultra 2 Launch | M24: 0.33614126
A25: A254 | B25: Instagram | C25: 45671 | D25: Carousel | E25: #AppleEvent | F25: 24350 | G25: 460 | H25: 666 | I25: 814 | J25: 21120 | K25: 76914 | L25: Apple Watch Ultra 2 Launch | M25: 0.33122708
A26: A254 | B26: Instagram | C26: 45671 | D26: Carousel | E26: #iPhone16 | F26: 24350 | G26: 460 | H26: 666 | I26: 814 | J26: 21120 | K26: 76914 | L26: Apple Watch Ultra 2 Launch | M26: 0.33122708
A27: A223 | B27: Twitter | C27: 45608 | D27: Video | E27: #AppleDesign | F27: 17913 | G27: 1311 | H27: 859 | I27: 405 | J27: 59842 | K27: 62612 | L27: Sustainability Awareness Drive | M27: 0.32075321
A28: A223 | B28: Twitter | C28: 45608 | D28: Video | E28: #Innovation | F28: 17913 | G28: 1311 | H28: 859 | I28: 405 | J28: 59842 | K28: 62612 | L28: Sustainability Awareness Drive | M28: 0.32075321
A29: A164 | B29: LinkedIn | C29: 45715 | D29: Image | E29: #MacBookAirM3 | F29: 16178 | G29: 1048 | H29: 871 | I29: 2553 | J29: 39025 | K29: 59508 | L29: Apple Watch Ultra 2 Launch | M29: 0.30411037
A30: A164 | B30: LinkedIn | C30: 45715 | D30: Image | E30: #AppleInnovation | F30: 16178 | G30: 1048 | H30: 871 | I30: 2553 | J30: 39025 | K30: 59508 | L30: Apple Watch Ultra 2 Launch | M30: 0.30411037
... A568: A167 | B568: LinkedIn | C568: 45624 | D568: Carousel | E568: #iPhone16 | F568: 2302 | G568: 347 | H568: 642 | I568: 2175 | J568: 56378 | K568: 198056 | L568: MacBook Air M3 Campaign | M568: 0.016616513

Sheet Task 2.4.1
A3: Row Labels | B3: Average of Engagement Rate
A4: #AppleWatchUltra2 | B4: 0.14380411 | D4: Top performing hashtags based on their engagement rates
A5: #HealthTech | B5: 0.14380411
A6: #AppleLifestyle | B6: 0.13494947 | C6: 1 | D6: #AppleWatchUltra2
A7: #AppleMusic | B7: 0.13494947 | C7: 2 | D7: #HealthTech
A8: #ShotOniPhone | B8: 0.13315746 | C8: 3 | D8: #AppleLifestyle
A9: #iPhone16 | B9: 0.12600407 | C9: 4 | D9: #AppleMusic
A10: #iPhonePhotography | B10: 0.12026677 | C10: 5 | D10: #ShotOniPhone
A11: #Sustainability | B11: 0.12019462
A12: #AppleEarth | B12: 0.12019462 | D12: Approach to task 2.4
A13: #AppleEvent | B13: 0.1185215
A14: #AppleInnovation | B14: 0.1178941 | C14: 1 | D14: Created a Pivot table using Hashtags and the average of their engagement rates.
A15: #MacBookAirM3 | B15: 0.1178941 | C15: 2 | D15: Chose Engagement rates as a 'Top Performing' Factor due to Apple's business needs that stated the importance of customer loyalty and engagement with their posts.
A16: #iPhone16Launch | B16: 0.1145658 | C16: 3 | D16: The average of engagement rates gives us more insight into what type of contents and campaigns the customers find 'relatable' - another important value for Apple, to engage with.
A17: #AppleWatch | B17: 0.11399722
A18: #Health | B18: 0.11399722
A19: #iPadPro | B19: 0.11195695
A20: #AppleDesign | B20: 0.11135741
A21: #Innovation | B21: 0.11135741
A22: #MacBookProM3 | B22: 0.10955527
A23: Grand Total | B23: 0.12238019

Sheet Task 3.1
A1: PostID | B1: Platform | C1: Date | D1: ContentType | E1: Hashtags | F1: Likes | G1: Shares | H1: Comments | I1: Clicks | J1: Reach | K1: Impressions | L1: Campaign | M1: Engagement Rate | N1: Objective
A2: A82 | B2: LinkedIn | C2: 45497 | D2: Video | E2: #AppleMusic | F2: 22914 | G2: 954 | H2: 584 | I2: 1519 | J2: 13637 | K2: 49847 | L2: Apple Watch Ultra 2 Launch | M2: 0.49054106 | N2: =INDEX(Table5_2[Objective], MATCH(L2,Table5_2[Campaign_Name], 0)) -> Health & Fitness Awareness
A3: A82 | B3: LinkedIn | C3: 45497 | D3: Video | E3: #AppleLifestyle | F3: 22914 | G3: 954 | H3: 584 | I3: 1519 | J3: 13637 | K3: 49847 | L3: Apple Watch Ultra 2 Launch | M3: 0.49054106 | N3: =INDEX(Table5_2[Objective], MATCH(L3,Table5_2[Campaign_Name], 0)) -> Health & Fitness Awareness
A4: A201 | B4: YouTube | C4: 45672 | D4: Tweet | E4: #ShotOniPhone | F4: 20360 | G4: 254 | H4: 726 | I4: 1995 | J4: 14280 | K4: 43726 | L4: iPhone 16 Launch | M4: 0.48803915 | N4: =INDEX(Table5_2[Objective], MATCH(L4,Table5_2[Campaign_Name], 0)) -> Product Launch
A5: A121 | B5: LinkedIn | C5: 45502 | D5: Video | E5: #AppleWatchUltra2 | F5: 19144 | G5: 1182 | H5: 860 | I5: 1398 | J5: 4185 | K5: 46570 | L5: Apple Watch Ultra 2 Launch | M5: 0.45492807 | N5: =INDEX(Table5_2[Objective], MATCH(L5,Table5_2[Campaign_Name], 0)) -> Health & Fitness Awareness
A6: A121 | B6: LinkedIn | C6: 45502 | D6: Video | E6: #HealthTech | F6: 19144 | G6: 1182 | H6: 860 | I6: 1398 | J6: 4185 | K6: 46570 | L6: Apple Watch Ultra 2 Launch | M6: 0.45492807 | N6: =INDEX(Table5_2[Objective], MATCH(L6,Table5_2[Campaign_Name], 0)) -> Health & Fitness Awareness
A7: A127 | B7: Twitter | C7: 45684 | D7: Image | E7: #AppleEvent | F7: 24415 | G7: 860 | H7: 931 | I7: 320 | J7: 65049 | K7: 62911 | L7: Apple Watch Ultra 2 Launch | M7: 0.41655672 | N7: =INDEX(Table5_2[Objective], MATCH(L7,Table5_2[Campaign_Name], 0)) -> Health & Fitness Awareness
A8: A127 | B8: Twitter | C8: 45684 | D8: Image | E8: #iPhone16 | F8: 24415 | G8: 860 | H8: 931 | I8: 320 | J8: 65049 | K8: 62911 | L8: Apple Watch Ultra 2 Launch | M8: 0.41655672 | N8: =INDEX(Table5_2[Objective], MATCH(L8,Table5_2[Campaign_Name], 0)) -> Health & Fitness Awareness
A9: A13 | B9: YouTube | C9: 45614 | D9: Carousel | E9: #AppleMusic | F9: 21255 | G9: 1452 | H9: 625 | I9: 1624 | J9: 21282 | K9: 57778 | L9: MacBook Air M3 Campaign | M9: 0.40382152 | N9: =INDEX(Table5_2[Objective], MATCH(L9,Table5_2[Campaign_Name], 0)) -> Product Promotion | R9: Average of Engagement Rate | S9: Campaigns
A10: A13 | B10: YouTube | C10: 45614 | D10: Carousel | E10: #AppleLifestyle | F10: 21255 | G10: 1452 | H10: 625 | I10: 1624 | J10: 21282 | K10: 57778 | L10: MacBook Air M3 Campaign | M10: 0.40382152 | N10: =INDEX(Table5_2[Objective], MATCH(L10,Table5_2[Campaign_Name], 0)) -> Product Promotion | R10: Objectives | S10: Apple Event September 2025 | T10: Apple Watch Ultra 2 Launch | U10: iPhone 16 Launch | V10: MacBook Air M3 Campaign | W10: Sustainability Awareness Drive | X10: Grand Total
A11: A123 | B11: Twitter | C11: 45457 | D11: Video | E11: #AppleEvent | F11: 17183 | G11: 1224 | H11: 943 | I11: 2010 | J11: 21481 | K11: 49110 | L11: Sustainability Awareness Drive | M11: 0.39401344 | N11: =INDEX(Table5_2[Objective], MATCH(L11,Table5_2[Campaign_Name], 0)) -> Sustainability Branding | R11: Instagram | S11: 0.13695514 | T11: 0.13955403 | U11: 0.087843467 | V11: 0.096406829 | W11: 0.11599957 | X11: 0.1182887
A12: A123 | B12: Twitter | C12: 45457 | D12: Video | E12: #iPhone16 | F12: 17183 | G12: 1224 | H12: 943 | I12: 2010 | J12: 21481 | K12: 49110 | L12: Sustainability Awareness Drive | M12: 0.39401344 | N12: =INDEX(Table5_2[Objective], MATCH(L12,Table5_2[Campaign_Name], 0)) -> Sustainability Branding | R12: Health & Fitness Awareness | T12: 0.13955403 | X12: 0.13955403
A13: A287 | B13: Instagram | C13: 45519 | D13: Video | E13: #AppleEvent | F13: 14977 | G13: 274 | H13: 798 | I13: 458 | J13: 6636 | K13: 43654 | L13: Apple Watch Ultra 2 Launch | M13: 0.367641 | N13: =INDEX(Table5_2[Objective], MATCH(L13,Table5_2[Campaign_Name], 0)) -> Health & Fitness Awareness | R13: Brand Engagement | S13: 0.13695514 | X13: 0.13695514
A14: A287 | B14: Instagram | C14: 45519 | D14: Video | E14: #iPadPro | F14: 14977 | G14: 274 | H14: 798 | I14: 458 | J14: 6636 | K14: 43654 | L14: Apple Watch Ultra 2 Launch | M14: 0.367641 | N14: =INDEX(Table5_2[Objective], MATCH(L14,Table5_2[Campaign_Name], 0)) -> Health & Fitness Awareness | R14: Sustainability Branding | W14: 0.11599957 | X14: 0.11599957
A15: A226 | B15: Twitter | C15: 45908 | D15: Tweet | E15: #AppleWatch | F15: 23785 | G15: 1013 | H15: 468 | I15: 1628 | J15: 8272 | K15: 71348 | L15: Apple Event September 2025 | M15: 0.35412345 | N15: =INDEX(Table5_2[Objective], MATCH(L15,Table5_2[Campaign_Name], 0)) -> Brand Engagement | R15: Product Promotion | V15: 0.096406829 | X15: 0.096406829
A16: A226 | B16: Twitter | C16: 45908 | D16: Tweet | E16: #Health | F16: 23785 | G16: 1013 | H16: 468 | I16: 1628 | J16: 8272 | K16: 71348 | L16: Apple Event September 2025 | M16: 0.35412345 | N16: =INDEX(Table5_2[Objective], MATCH(L16,Table5_2[Campaign_Name], 0)) -> Brand Engagement | R16: Product Launch | U16: 0.087843467 | X16: 0.087843467
A17: A231 | B17: Twitter | C17: 45909 | D17: Image | E17: #AppleMusic | F17: 19260 | G17: 668 | H17: 994 | I17: 934 | J17: 20509 | K17: 61636 | L17: Apple Event September 2025 | M17: 0.33944448 | N17: =INDEX(Table5_2[Objective], MATCH(L17,Table5_2[Campaign_Name], 0)) -> Brand Engagement | R17: LinkedIn | S17: 0.11016638 | T17: 0.14660403 | U17: 0.12843165 | V17: 0.12478605 | W17: 0.10377898 | X17: 0.12495643
A18: A231 | B18: Twitter | C18: 45909 | D18: Image | E18: #AppleLifestyle | F18: 19260 | G18: 668 | H18: 994 | I18: 934 | J18: 20509 | K18: 61636 | L18: Apple Event September 2025 | M18: 0.33944448 | N18: =INDEX(Table5_2[Objective], MATCH(L18,Table5_2[Campaign_Name], 0)) -> Brand Engagement | R18: Health & Fitness Awareness | T18: 0.14660403 | X18: 0.14660403
A19: A185 | B19: Instagram | C19: 45668 | D19: Image | E19: #MacBookAirM3 | F19: 21181 | G19: 1242 | H19: 963 | I19: 1689 | J19: 49329 | K19: 69165 | L19: Apple Watch Ultra 2 Launch | M19: 0.33811899 | N19: =INDEX(Table5_2[Objective], MATCH(L19,Table5_2[Campaign_Name], 0)) -> Health & Fitness Awareness | R19: Product Launch | U19: 0.12843165 | X19: 0.12843165
A20: A185 | B20: Instagram | C20: 45668 | D20: Image | E20: #AppleInnovation | F20: 21181 | G20: 1242 | H20: 963 | I20: 1689 | J20: 49329 | K20: 69165 | L20: Apple Watch Ultra 2 Launch | M20: 0.33811899 | N20: =INDEX(Table5_2[Objective], MATCH(L20,Table5_2[Campaign_Name], 0)) -> Health & Fitness Awareness | R20: Product Promotion | V20: 0.12478605 | X20: 0.12478605
A21: A106 | B21: Twitter | C21: 45692 | D21: Carousel | E21: #AppleWatch | F21: 23833 | G21: 555 | H21: 523 | I21: 1330 | J21: 69141 | K21: 73997 | L21: iPhone 16 Launch | M21: 0.33664878 | N21: =INDEX(Table5_2[Objective], MATCH(L21,Table5_2[Campaign_Name], 0)) -> Product Launch | R21: Brand Engagement | S21: 0.11016638 | X21: 0.11016638
A22: A106 | B22: Twitter | C22: 45692 | D22: Carousel | E22: #Health | F22: 23833 | G22: 555 | H22: 523 | I22: 1330 | J22: 69141 | K22: 73997 | L22: iPhone 16 Launch | M22: 0.33664878 | N22: =INDEX(Table5_2[Objective], MATCH(L22,Table5_2[Campaign_Name], 0)) -> Product Launch | R22: Sustainability Branding | W22: 0.10377898 | X22: 0.10377898
A23: A174 | B23: LinkedIn | C23: 45465 | D23: Carousel | E23: #AppleWatchUltra2 | F23: 13479 | G23: 1189 | H23: 695 | I23: 416 | J23: 30229 | K23: 45704 | L23: Apple Watch Ultra 2 Launch | M23: 0.33614126 | N23: =INDEX(Table5_2[Objective], MATCH(L23,Table5_2[Campaign_Name], 0)) -> Health & Fitness Awareness | R23: Twitter | S23: 0.1516136 | T23: 0.14513293 | U23: 0.13738974 | V23: 0.13670377 | W23: 0.1282677 | X23: 0.13978857
A24: A174 | B24: LinkedIn | C24: 45465 | D24: Carousel | E24: #HealthTech | F24: 13479 | G24: 1189 | H24: 695 | I24: 416 | J24: 30229 | K24: 45704 | L24: Apple Watch Ultra 2 Launch | M24: 0.33614126 | N24: =INDEX(Table5_2[Objective], MATCH(L24,Table5_2[Campaign_Name], 0)) -> Health & Fitness Awareness | R24: Brand Engagement | S24: 0.1516136 | X24: 0.1516136
A25: A254 | B25: Instagram | C25: 45671 | D25: Carousel | E25: #AppleEvent | F25: 24350 | G25: 460 | H25: 666 | I25: 814 | J25: 21120 | K25: 76914 | L25: Apple Watch Ultra 2 Launch | M25: 0.33122708 | N25: =INDEX(Table5_2[Objective], MATCH(L25,Table5_2[Campaign_Name], 0)) -> Health & Fitness Awareness | R25: Health & Fitness Awareness | T25: 0.14513293 | X25: 0.14513293
A26: A254 | B26: Instagram | C26: 45671 | D26: Carousel | E26: #iPhone16 | F26: 24350 | G26: 460 | H26: 666 | I26: 814 | J26: 21120 | K26: 76914 | L26: Apple Watch Ultra 2 Launch | M26: 0.33122708 | N26: =INDEX(Table5_2[Objective], MATCH(L26,Table5_2[Campaign_Name], 0)) -> Health & Fitness Awareness | R26: Product Launch | U26: 0.13738974 | X26: 0.13738974
A27: A223 | B27: Twitter | C27: 45608 | D27: Video | E27: #AppleDesign | F27: 17913 | G27: 1311 | H27: 859 | I27: 405 | J27: 59842 | K27: 62612 | L27: Sustainability Awareness Drive | M27: 0.32075321 | N27: =INDEX(Table5_2[Objective], MATCH(L27,Table5_2[Campaign_Name], 0)) -> Sustainability Branding | R27: Product Promotion | V27: 0.13670377 | X27: 0.13670377
A28: A223 | B28: Twitter | C28: 45608 | D28: Video | E28: #Innovation | F28: 17913 | G28: 1311 | H28: 859 | I28: 405 | J28: 59842 | K28: 62612 | L28: Sustainability Awareness Drive | M28: 0.32075321 | N28: =INDEX(Table5_2[Objective], MATCH(L28,Table5_2[Campaign_Name], 0)) -> Sustainability Branding | R28: Sustainability Branding | W28: 0.1282677 | X28: 0.1282677
A29: A164 | B29: LinkedIn | C29: 45715 | D29: Image | E29: #MacBookAirM3 | F29: 16178 | G29: 1048 | H29: 871 | I29: 2553 | J29: 39025 | K29: 59508 | L29: Apple Watch Ultra 2 Launch | M29: 0.30411037 | N29: =INDEX(Table5_2[Objective], MATCH(L29,Table5_2[Campaign_Name], 0)) -> Health & Fitness Awareness | R29: YouTube | S29: 0.10449413 | T29: 0.11973748 | U29: 0.099434455 | V29: 0.11345041 | W29: 0.10497763 | X29: 0.10817234
A30: A164 | B30: LinkedIn | C30: 45715 | D30: Image | E30: #AppleInnovation | F30: 16178 | G30: 1048 | H30: 871 | I30: 2553 | J30: 39025 | K30: 59508 | L30: Apple Watch Ultra 2 Launch | M30: 0.30411037 | N30: =INDEX(Table5_2[Objective], MATCH(L30,Table5_2[Campaign_Name], 0)) -> Health & Fitness Awareness | R30: Health & Fitness Awareness | T30: 0.11973748 | X30: 0.11973748
A31: A151 | B31: YouTube | C31: 45499 | D31: Video | E31: #MacBookProM3 | F31: 18282 | G31: 224 | H31: 962 | I31: 890 | J31: 35105 | K31: 64089 | L31: iPhone 16 Launch | M31: 0.30376508 | N31: =INDEX(Table5_2[Objective], MATCH(L31,Table5_2[Campaign_Name], 0)) -> Product Launch | R31: Product Promotion | V31: 0.11345041 | X31: 0.11345041
A32: A140 | B32: Instagram | C32: 45488 | D32: Tweet | E32: #AppleMusic | F32: 14891 | G32: 674 | H32: 521 | I32: 1091 | J32: 18101 | K32: 53669 | L32: Apple Watch Ultra 2 Launch | M32: 0.2997261 | N32: =INDEX(Table5_2[Objective], MATCH(L32,Table5_2[Campaign_Name], 0)) -> Health & Fitness Awareness | R32: Sustainability Branding | W32: 0.10497763 | X32: 0.10497763
A33: A140 | B33: Instagram | C33: 45488 | D33: Tweet | E33: #AppleLifestyle | F33: 14891 | G33: 674 | H33: 521 | I33: 1091 | J33: 18101 | K33: 53669 | L33: Apple Watch Ultra 2 Launch | M33: 0.2997261 | N33: =INDEX(Table5_2[Objective], MATCH(L33,Table5_2[Campaign_Name], 0)) -> Health & Fitness Awareness | R33: Brand Engagement | S33: 0.10449413 | X33: 0.10449413
A34: A83 | B34: Instagram | C34: 45580 | D34: Carousel | E34: #ShotOniPhone | F34: 17781 | G34: 993 | H34: 627 | I34: 2187 | J34: 9609 | K34: 66155 | L34: iPhone 16 Launch | M34: 0.29326582 | N34: =INDEX(Table5_2[Objective], MATCH(L34,Table5_2[Campaign_Name], 0)) -> Product Launch | R34: Product Launch | U34: 0.099434455 | X34: 0.099434455
A35: A196 | B35: Twitter | C35: 45918 | D35: Tweet | E35: #MacBookProM3 | F35: 10152 | G35: 1445 | H35: 526 | I35: 513 | J35: 18959 | K35: 43712 | L35: Apple Event September 2025 | M35: 0.27733803 | N35: =INDEX(Table5_2[Objective], MATCH(L35,Table5_2[Campaign_Name], 0)) -> Brand Engagement | R35: Grand Total | S35: 0.12092372 | T35: 0.13868799 | U35: 0.11632445 | V35: 0.11730763 | W35: 0.11437641 | X35: 0.12238019
A36: A136 | B36: Instagram | C36: 45932 | D36: Carousel | E36: #AppleDesign | F36: 12161 | G36: 736 | H36: 876 | I36: 1233 | J36: 21337 | K36: 50225 | L36: Apple Event September 2025 | M36: 0.27422598 | N36: =INDEX(Table5_2[Objective], MATCH(L36,Table5_2[Campaign_Name], 0)) -> Brand Engagement
A37: A136 | B37: Instagram | C37: 45932 | D37: Carousel | E37: #Innovation | F37: 12161 | G37: 736 | H37: 876 | I37: 1233 | J37: 21337 | K37: 50225 | L37: Apple Event September 2025 | M37: 0.27422598 | N37: =INDEX(Table5_2[Objective], MATCH(L37,Table5_2[Campaign_Name], 0)) -> Brand Engagement
A38: A5 | B38: YouTube | C38: 45904 | D38: Video | E38: #AppleWatchUltra2 | F38: 21708 | G38: 435 | H38: 317 | I38: 1213 | J38: 70701 | K38: 83585 | L38: Apple Event September 2025 | M38: 0.2687085 | N38: =INDEX(Table5_2[Objective], MATCH(L38,Table5_2[Campaign_Name], 0)) -> Brand Engagement
A39: A5 | B39: YouTube | C39: 45904 | D39: Video | E39: #HealthTech | F39: 21708 | G39: 435 | H39: 317 | I39: 1213 | J39: 70701 | K39: 83585 | L39: Apple Event September 2025 | M39: 0.2687085 | N39: =INDEX(Table5_2[Objective], MATCH(L39,Table5_2[Campaign_Name], 0)) -> Brand Engagement
A40: A80 | B40: LinkedIn | C40: 45456 | D40: Image | E40: #AppleWatchUltra2 | F40: 14173 | G40: 294 | H40: 257 | I40: 1288 | J40: 39466 | K40: 55563 | L40: MacBook Air M3 Campaign | M40: 0.26499649 | N40: =INDEX(Table5_2[Objective], MATCH(L40,Table5_2[Campaign_Name], 0)) -> Product Promotion | R40: Platforms with Highest Engagement Rates
A41: A80 | B41: LinkedIn | C41: 45456 | D41: Image | E41: #HealthTech | F41: 14173 | G41: 294 | H41: 257 | I41: 1288 | J41: 39466 | K41: 55563 | L41: MacBook Air M3 Campaign | M41: 0.26499649 | N41: =INDEX(Table5_2[Objective], MATCH(L41,Table5_2[Campaign_Name], 0)) -> Product Promotion
A42: A150 | B42: LinkedIn | C42: 45526 | D42: Video | E42: #iPhonePhotography | F42: 16124 | G42: 863 | H42: 337 | I42: 819 | J42: 85788 | K42: 68625 | L42: iPhone 16 Launch | M42: 0.25244444 | N42: =INDEX(Table5_2[Objective], MATCH(L42,Table5_2[Campaign_Name], 0)) -> Product Launch | Q42: 1 | R42: LinkedIn for Health and Fitness Campaigns
A43: A150 | B43: LinkedIn | C43: 45526 | D43: Video | E43: #ShotOniPhone | F43: 16124 | G43: 863 | H43: 337 | I43: 819 | J43: 85788 | K43: 68625 | L43: iPhone 16 Launch | M43: 0.25244444 | N43: =INDEX(Table5_2[Objective], MATCH(L43,Table5_2[Campaign_Name], 0)) -> Product Launch | Q43: 2 | R43: Twitter for Brand Engagement, Sustainability, Product Launch and Product Promotions
A44: A220 | B44: YouTube | C44: 45445 | D44: Video | E44: #MacBookAirM3 | F44: 14199 | G44: 1206 | H44: 954 | I44: 2009 | J44: 8 | K44: 65537 | L44: Sustainability Awareness Drive | M44: 0.24961472 | N44: =INDEX(Table5_2[Objective], MATCH(L44,Table5_2[Campaign_Name], 0)) -> Sustainability Branding
A45: A220 | B45: YouTube | C45: 45445 | D45: Video | E45: #AppleInnovation | F45: 14199 | G45: 1206 | H45: 954 | I45: 2009 | J45: 8 | K45: 65537 | L45: Sustainability Awareness Drive | M45: 0.24961472 | N45: =INDEX(Table5_2[Objective], MATCH(L45,Table5_2[Campaign_Name], 0)) -> Sustainability Branding
A46: A21 | B46: Twitter | C46: 45908 | D46: Carousel | E46: #iPhonePhotography | F46: 22309 | G46: 773 | H46: 854 | I46: 2387 | J46: 72396 | K46: 97056 | L46: Apple Event September 2025 | M46: 0.24662051 | N46: =INDEX(Table5_2[Objective], MATCH(L46,Table5_2[Campaign_Name], 0)) -> Brand Engagement
A47: A21 | B47: Twitter | C47: 45908 | D47: Carousel | E47: #ShotOniPhone | F47: 22309 | G47: 773 | H47: 854 | I47: 2387 | J47: 72396 | K47: 97056 | L47: Apple Event September 2025 | M47: 0.24662051 | N47: =INDEX(Table5_2[Objective], MATCH(L47,Table5_2[Campaign_Name], 0)) -> Brand Engagement | R47: Approach for Task 3.1
A48: A244 | B48: Instagram | C48: 45913 | D48: Video | E48: #iPhonePhotography | F48: 15046 | G48: 281 | H48: 515 | I48: 550 | J48: 22583 | K48: 64596 | L48: Apple Event September 2025 | M48: 0.24524738 | N48: =INDEX(Table5_2[Objective], MATCH(L48,Table5_2[Campaign_Name], 0)) -> Brand Engagement
A49: A244 | B49: Instagram | C49: 45913 | D49: Video | E49: #ShotOniPhone | F49: 15046 | G49: 281 | H49: 515 | I49: 550 | J49: 22583 | K49: 64596 | L49: Apple Event September 2025 | M49: 0.24524738 | N49: =INDEX(Table5_2[Objective], MATCH(L49,Table5_2[Campaign_Name], 0)) -> Brand Engagement | Q49: 1 | R49: Merged 'Posts' and 'Campaign Management' to get a clear picture of the Campaigns and their objectives.
A50: A76 | B50: Twitter | C50: 45603 | D50: Carousel | E50: #ShotOniPhone | F50: 17254 | G50: 246 | H50: 952 | I50: 871 | J50: 14957 | K50: 75946 | L50: MacBook Air M3 Campaign | M50: 0.2429621 | N50: =INDEX(Table5_2[Objective], MATCH(L50,Table5_2[Campaign_Name], 0)) -> Product Promotion | Q50: 2 | R50: Created a Pivot table to get average engagement rates per platform, per campaign.
A51: A216 | B51: Instagram | C51: 45502 | D51: Tweet | E51: #AppleWatchUltra2 | F51: 22590 | G51: 1462 | H51: 966 | I51: 2463 | J51: 29689 | K51: 103449 | L51: Sustainability Awareness Drive | M51: 0.24183897 | N51: =INDEX(Table5_2[Objective], MATCH(L51,Table5_2[Campaign_Name], 0)) -> Sustainability Branding | Q51: 3 | R51: Created a Pivot Chart to simplify the calculations and to visualize the findings so they are easy to understand.
A52: A216 | B52: Instagram | C52: 45502 | D52: Tweet | E52: #HealthTech | F52: 22590 | G52: 1462 | H52: 966 | I52: 2463 | J52: 29689 | K52: 103449 | L52: Sustainability Awareness Drive | M52: 0.24183897 | N52: =INDEX(Table5_2[Objective], MATCH(L52,Table5_2[Campaign_Name], 0)) -> Sustainability Branding | Q52: 4 | R52: Most of the campaigns work well on Twitter and have high averages, showing consistent performance overall in relation to the other platforms.
A53: A51 | B53: YouTube | C53: 45456 | D53: Carousel | E53: #AppleWatch | F53: 23164 | G53: 1122 | H53: 900 | I53: 888 | J53: 36938 | K53: 104674 | L53: Apple Watch Ultra 2 Launch | M53: 0.24061371 | N53: =INDEX(Table5_2[Objective], MATCH(L53,Table5_2[Campaign_Name], 0)) -> Health & Fitness Awareness
A54: A51 | B54: YouTube | C54: 45456 | D54: Carousel | E54: #Health | F54: 23164 | G54: 1122 | H54: 900 | I54: 888 | J54: 36938 | K54: 104674 | L54: Apple Watch Ultra 2 Launch | M54: 0.24061371 | N54: =INDEX(Table5_2[Objective], MATCH(L54,Table5_2[Campaign_Name], 0)) -> Health & Fitness Awareness
A55: A6 | B55: LinkedIn | C55: 45905 | D55: Image | E55: #ShotOniPhone | F55: 14677 | G55: 533 | H55: 759 | I55: 753 | J55: 23275 | K55: 66958 | L55: Apple Event September 2025 | M55: 0.23849279 | N55: =INDEX(Table5_2[Objective], MATCH(L55,Table5_2[Campaign_Name], 0)) -> Brand Engagement
A56: A289 | B56: Instagram | C56: 45624 | D56: Carousel | E56: #AppleMusic | F56: 18644 | G56: 1369 | H56: 887 | I56: 1256 | J56: 43415 | K56: 88368 | L56: Sustainability Awareness Drive | M56: 0.23651095 | N56: =INDEX(Table5_2[Objective], MATCH(L56,Table5_2[Campaign_Name], 0)) -> Sustainability Branding
A57: A289 | B57: Instagram | C57: 45624 | D57: Carousel | E57: #AppleLifestyle | F57: 18644 | G57: 1369 | H57: 887 | I57: 1256 | J57: 43415 | K57: 88368 | L57: Sustainability Awareness Drive | M57: 0.23651095 | N57: =INDEX(Table5_2[Objective], MATCH(L57,Table5_2[Campaign_Name], 0)) -> Sustainability Branding
A58: A186 | B58: Instagram | C58: 45528 | D58: Video | E58: #AppleDesign | F58: 24890 | G58: 217 | H58: 178 | I58: 906 | J58: 54826 | K58: 107203 | L58: Sustainability Awareness Drive | M58: 0.23586094 | N58: =INDEX(Table5_2[Objective], MATCH(L58,Table5_2[Campaign_Name], 0)) -> Sustainability Branding
A59: A186 | B59: Instagram | C59: 45528 | D59: Video | E59: #Innovation | F59: 24890 | G59: 217 | H59: 178 | I59: 906 | J59: 54826 | K59: 107203 | L59: Sustainability Awareness Drive | M59: 0.23586094 | N59: =INDEX(Table5_2[Objective], MATCH(L59,Table5_2[Campaign_Name], 0)) -> Sustainability Branding
A60: A61 | B60: YouTube | C60: 45540 | D60: Carousel | E60: #MacBookProM3 | F60: 16489 | G60: 395 | H60: 350 | I60: 2364 | J60: 43239 | K60: 73397 | L60: MacBook Air M3 Campaign | M60: 0.23480524 | N60: =INDEX(Table5_2[Objective], MATCH(L60,Table5_2[Campaign_Name], 0)) -> Product Promotion
A61: A286 | B61: YouTube | C61: 45919 | D61: Tweet | E61: #AppleWatch | F61: 22128 | G61: 1004 | H61: 690 | I61: 2048 | J61: 19443 | K61: 103646 | L61: Apple Event September 2025 | M61: 0.22984003 | N61: =INDEX(Table5_2[Objective], MATCH(L61,Table5_2[Campaign_Name], 0)) -> Brand Engagement
A62: A286 | B62: YouTube | C62: 45919 | D62: Tweet | E62: #Health | F62: 22128 | G62: 1004 | H62: 690 | I62: 2048 | J62: 19443 | K62: 103646 | L62: Apple Event September 2025 | M62: 0.22984003 | N62: =INDEX(Table5_2[Objective], MATCH(L62,Table5_2[Campaign_Name], 0)) -> Brand Engagement
A63: A105 | B63: Twitter | C63: 45457 | D63: Carousel | E63: #iPhone16Launch | F63: 21856 | G63: 1203 | H63: 634 | I63: 2807 | J63: 3647 | K63: 104178 | L63: iPhone 16 Launch | M63: 0.22742806 | N63: =INDEX(Table5_2[Objective], MATCH(L63,Table5_2[Campaign_Name], 0)) -> Product Launch
A64: A105 | B64: Twitter | C64: 45457 | D64: Carousel | E64: #AppleEvent | F64: 21856 | G64: 1203 | H64: 634 | I64: 2807 | J64: 3647 | K64: 104178 | L64: iPhone 16 Launch | M64: 0.22742806 | N64: =INDEX(Table5_2[Objective], MATCH(L64,Table5_2[Campaign_Name], 0)) -> Product Launch
... A568: A167 | B568: LinkedIn | C568: 45624 | D568: Carousel | E568: #iPhone16 | F568: 2302 | G568: 347 | H568: 642 | I568: 2175 | J568: 56378 | K568: 198056 | L568: MacBook Air M3 Campaign | M568: 0.016616513 | N568: =INDEX(Table5_2[Objective], MATCH(L568,Table5_2[Campaign_Name], 0)) -> Product Promotion

Sheet Task 3.2 & 3.4
A1: Week_Start_Date | B1: Platform | C1: New_Followers | D1: Unfollows | E1: Total_Followers | F1: Engagement_Rate | G1: Ad_Spend | H1: New followers - unfollows | I1: Growth rate
A2: 45446 | B2: Instagram | C2: 4138 | D2: 361 | E2: 103777 | F2: 56.637791 | G2: 23944 | H2: =(Table3_211[[#This Row],[New_Followers]]-Table3_211[[#This Row],[Unfollows]]) -> 3777 | I2: =Table3_211[[#This Row],[New followers - unfollows]]/(Table3_211[[#This Row],[Total_Followers]]-Table3_211[[#This Row],[New followers - unfollows]]) -> 0.03777
A3: 45446 | B3: Twitter | C3: 8693 | D3: 1261 | E3: 111209 | F3: 69.475492 | G3: 29873 | H3: =(Table3_211[[#This Row],[New_Followers]]-Table3_211[[#This Row],[Unfollows]]) -> 7432 | I3: =Table3_211[[#This Row],[New followers - unfollows]]/(Table3_211[[#This Row],[Total_Followers]]-Table3_211[[#This Row],[New followers - unfollows]]) -> 0.071615098
A4: 45446 | B4: YouTube | C4: 9264 | D4: 1141 | E4: 119332 | F4: 92.312205 | G4: 50372 | H4: =(Table3_211[[#This Row],[New_Followers]]-Table3_211[[#This Row],[Unfollows]]) -> 8123 | I4: =Table3_211[[#This Row],[New followers - unfollows]]/(Table3_211[[#This Row],[Total_Followers]]-Table3_211[[#This Row],[New followers - unfollows]]) -> 0.073042649
A5: 45446 | B5: YouTube | C5: 8842 | D5: 971 | E5: 127203 | F5: 16.351816 | G5: 33928 | H5: =(Table3_211[[#This Row],[New_Followers]]-Table3_211[[#This Row],[Unfollows]]) -> 7871 | I5: =Table3_211[[#This Row],[New followers - unfollows]]/(Table3_211[[#This Row],[Total_Followers]]-Table3_211[[#This Row],[New followers - unfollows]]) -> 0.065958838 | K5: Task 3.2 | P5: Approach for Task 3.2
A6: 45453 | B6: Instagram | C6: 7721 | D6: 506 | E6: 134418 | F6: 35.577824 | G6: 25379 | H6: =(Table3_211[[#This Row],[New_Followers]]-Table3_211[[#This Row],[Unfollows]]) -> 7215 | I6: =Table3_211[[#This Row],[New followers - unfollows]]/(Table3_211[[#This Row],[Total_Followers]]-Table3_211[[#This Row],[New followers - unfollows]]) -> 0.05672036
A7: 45453 | B7: YouTube | C7: 8002 | D7: 524 | E7: 141896 | F7: 52.064893 | G7: 46751 | H7: =(Table3_211[[#This Row],[New_Followers]]-Table3_211[[#This Row],[Unfollows]]) -> 7478 | I7: =Table3_211[[#This Row],[New followers - unfollows]]/(Table3_211[[#This Row],[Total_Followers]]-Table3_211[[#This Row],[New followers - unfollows]]) -> 0.05563243 | M7: Average of Growth rate | O7: 1 | P7: Calculated the Growth rate using the formula = New_followers - unfollows.
A8: 45453 | B8: Twitter | C8: 5225 | D8: 291 | E8: 146830 | F8: 19.551863 | G8: 44546 | H8: =(Table3_211[[#This Row],[New_Followers]]-Table3_211[[#This Row],[Unfollows]]) -> 4934 | I8: =Table3_211[[#This Row],[New followers - unfollows]]/(Table3_211[[#This Row],[Total_Followers]]-Table3_211[[#This Row],[New followers - unfollows]]) -> 0.034771946 | L8: YouTube | M8: 0.01465063 | O8: 2 | P8: Converted the Growth rate into percentage to make it understandable and standardized.
A9: 45453 | B9: Twitter | C9: 3978 | D9: 543 | E9: 150265 | F9: 49.159818 | G9: 34286 | H9: =(Table3_211[[#This Row],[New_Followers]]-Table3_211[[#This Row],[Unfollows]]) -> 3435 | I9: =Table3_211[[#This Row],[New followers - unfollows]]/(Table3_211[[#This Row],[Total_Followers]]-Table3_211[[#This Row],[New followers - unfollows]]) -> 0.023394402 | L9: Twitter | M9: 0.014133219 | O9: 3 | P9: Plotted a pivot table to display Average Growth rate across all platforms
A10: 45460 | B10: Instagram | C10: 8373 | D10: 921 | E10: 157717 | F10: 12.226329 | G10: 15110 | H10: =(Table3_211[[#This Row],[New_Followers]]-Table3_211[[#This Row],[Unfollows]]) -> 7452 | I10: =Table3_211[[#This Row],[New followers - unfollows]]/(Table3_211[[#This Row],[Total_Followers]]-Table3_211[[#This Row],[New followers - unfollows]]) -> 0.049592387 | L10: Instagram | M10: 0.012302424
A11: 45460 | B11: Twitter | C11: 6907 | D11: 834 | E11: 163790 | F11: 54.158984 | G11: 22087 | H11: =(Table3_211[[#This Row],[New_Followers]]-Table3_211[[#This Row],[Unfollows]]) -> 6073 | I11: =Table3_211[[#This Row],[New followers - unfollows]]/(Table3_211[[#This Row],[Total_Followers]]-Table3_211[[#This Row],[New followers - unfollows]]) -> 0.038505678 | L11: LinkedIn | M11: 0.0095825377
A12: 45460 | B12: LinkedIn | C12: 7097 | D12: 369 | E12: 170518 | F12: 9.2506363 | G12: 33762 | H12: =(Table3_211[[#This Row],[New_Followers]]-Table3_211[[#This Row],[Unfollows]]) -> 6728 | I12: =Table3_211[[#This Row],[New followers - unfollows]]/(Table3_211[[#This Row],[Total_Followers]]-Table3_211[[#This Row],[New followers - unfollows]]) -> 0.041076989 | L12: Grand Total | M12: 0.012520998
A13: 45460 | B13: Instagram | C13: 6656 | D13: 978 | E13: 176196 | F13: 60.425889 | G13: 27081 | H13: =(Table3_211[[#This Row],[New_Followers]]-Table3_211[[#This Row],[Unfollows]]) -> 5678 | I13: =Table3_211[[#This Row],[New followers - unfollows]]/(Table3_211[[#This Row],[Total_Followers]]-Table3_211[[#This Row],[New followers - unfollows]]) -> 0.033298537
A14: 45467 | B14: Twitter | C14: 9984 | D14: 1330 | E14: 184850 | F14: 57.524479 | G14: 44947 | H14: =(Table3_211[[#This Row],[New_Followers]]-Table3_211[[#This Row],[Unfollows]]) -> 8654 | I14: =Table3_211[[#This Row],[New followers - unfollows]]/(Table3_211[[#This Row],[Total_Followers]]-Table3_211[[#This Row],[New followers - unfollows]]) -> 0.049115757
A15: 45467 | B15: Instagram | C15: 5259 | D15: 374 | E15: 189735 | F15: 14.827523 | G15: 19596 | H15: =(Table3_211[[#This Row],[New_Followers]]-Table3_211[[#This Row],[Unfollows]]) -> 4885 | I15: =Table3_211[[#This Row],[New followers - unfollows]]/(Table3_211[[#This Row],[Total_Followers]]-Table3_211[[#This Row],[New followers - unfollows]]) -> 0.026426833
A16: 45467 | B16: YouTube | C16: 9286 | D16: 633 | E16: 198388 | F16: 5.4343005 | G16: 48019 | H16: =(Table3_211[[#This Row],[New_Followers]]-Table3_211[[#This Row],[Unfollows]]) -> 8653 | I16: =Table3_211[[#This Row],[New followers - unfollows]]/(Table3_211[[#This Row],[Total_Followers]]-Table3_211[[#This Row],[New followers - unfollows]]) -> 0.045605713 | K16: Task 3.4 | P16: Approach for Task 3.4
A17: 45467 | B17: Twitter | C17: 6901 | D17: 471 | E17: 204818 | F17: 60.827662 | G17: 52003 | H17: =(Table3_211[[#This Row],[New_Followers]]-Table3_211[[#This Row],[Unfollows]]) -> 6430 | I17: =Table3_211[[#This Row],[New followers - unfollows]]/(Table3_211[[#This Row],[Total_Followers]]-Table3_211[[#This Row],[New followers - unfollows]]) -> 0.032411235 | L17: Row Labels | M17: Average of Engagement_Rate
A18: 45474 | B18: LinkedIn | C18: 5917 | D18: 475 | E18: 210260 | F18: 17.894036 | G18: 28313 | H18: =(Table3_211[[#This Row],[New_Followers]]-Table3_211[[#This Row],[Unfollows]]) -> 5442 | I18: =Table3_211[[#This Row],[New followers - unfollows]]/(Table3_211[[#This Row],[Total_Followers]]-Table3_211[[#This Row],[New followers - unfollows]]) -> 0.02656993 | L18: YouTube | M18: 17.599263 | O18: 1 | P18: Inserted a Pivot table to compare average of engagement rates across platforms.
A19: 45474 | B19: Twitter | C19: 9429 | D19: 966 | E19: 218723 | F19: 7.6914636 | G19: 57639 | H19: =(Table3_211[[#This Row],[New_Followers]]-Table3_211[[#This Row],[Unfollows]]) -> 8463 | I19: =Table3_211[[#This Row],[New followers - unfollows]]/(Table3_211[[#This Row],[Total_Followers]]-Table3_211[[#This Row],[New followers - unfollows]]) -> 0.040250166 | L19: Twitter | M19: 17.480513 | O19: 2 | P19: Engagement rate as a defining factor as one of Apple's main objective is increasing Customer Engagement.
A20: 45474 | B20: Instagram | C20: 3530 | D20: 328 | E20: 221925 | F20: 12.83722 | G20: 11013 | H20: =(Table3_211[[#This Row],[New_Followers]]-Table3_211[[#This Row],[Unfollows]]) -> 3202 | I20: =Table3_211[[#This Row],[New followers - unfollows]]/(Table3_211[[#This Row],[Total_Followers]]-Table3_211[[#This Row],[New followers - unfollows]]) -> 0.014639521 | L20: Instagram | M20: 15.559292 | O20: 3 | P20: Along with Engagement the Growth factor across all platforms has also helped in suggesting a solution for 3.4
A21: 45474 | B21: Instagram | C21: 2960 | D21: 234 | E21: 224651 | F21: 17.412787 | G21: 59378 | H21: =(Table3_211[[#This Row],[New_Followers]]-Table3_211[[#This Row],[Unfollows]]) -> 2726 | I21: =Table3_211[[#This Row],[New followers - unfollows]]/(Table3_211[[#This Row],[Total_Followers]]-Table3_211[[#This Row],[New followers - unfollows]]) -> 0.012283429 | L21: LinkedIn | M21: 14.067998
A22: 45481 | B22: Twitter | C22: 8045 | D22: 894 | E22: 231802 | F22: 47.634188 | G22: 33705 | H22: =(Table3_211[[#This Row],[New_Followers]]-Table3_211[[#This Row],[Unfollows]]) -> 7151 | I22: =Table3_211[[#This Row],[New followers - unfollows]]/(Table3_211[[#This Row],[Total_Followers]]-Table3_211[[#This Row],[New followers - unfollows]]) -> 0.031831597 | L22: Grand Total | M22: 16.076504
A23: 45481 | B23: LinkedIn | C23: 2048 | D23: 130 | E23: 233720 | F23: 39.284614 | G23: 11828 | H23: =(Table3_211[[#This Row],[New_Followers]]-Table3_211[[#This Row],[Unfollows]]) -> 1918 | I23: =Table3_211[[#This Row],[New followers - unfollows]]/(Table3_211[[#This Row],[Total_Followers]]-Table3_211[[#This Row],[New followers - unfollows]]) -> 0.0082743031
A24: 45481 | B24: LinkedIn | C24: 6772 | D24: 536 | E24: 239956 | F24: 9.8205504 | G24: 17909 | H24: =(Table3_211[[#This Row],[New_Followers]]-Table3_211[[#This Row],[Unfollows]]) -> 6236 | I24: =Table3_211[[#This Row],[New followers - unfollows]]/(Table3_211[[#This Row],[Total_Followers]]-Table3_211[[#This Row],[New followers - unfollows]]) -> 0.026681499
A25: 45481 | B25: LinkedIn | C25: 3529 | D25: 305 | E25: 243180 | F25: 41.606629 | G25: 48356 | H25: =(Table3_211[[#This Row],[New_Followers]]-Table3_211[[#This Row],[Unfollows]]) -> 3224 | I25: =Table3_211[[#This Row],[New followers - unfollows]]/(Table3_211[[#This Row],[Total_Followers]]-Table3_211[[#This Row],[New followers - unfollows]]) -> 0.013435797
A26: 45488 | B26: Instagram | C26: 3964 | D26: 378 | E26: 246766 | F26: 13.63559 | G26: 23109 | H26: =(Table3_211[[#This Row],[New_Followers]]-Table3_211[[#This Row],[Unfollows]]) -> 3586 | I26: =Table3_211[[#This Row],[New followers - unfollows]]/(Table3_211[[#This Row],[Total_Followers]]-Table3_211[[#This Row],[New followers - unfollows]]) -> 0.014746278 | K26: Task 3.4
A27: 45488 | B27: Twitter | C27: 8137 | D27: 1045 | E27: 253858 | F27: 20.472469 | G27: 12023 | H27: =(Table3_211[[#This Row],[New_Followers]]-Table3_211[[#This Row],[Unfollows]]) -> 7092 | I27: =Table3_211[[#This Row],[New followers - unfollows]]/(Table3_211[[#This Row],[Total_Followers]]-Table3_211[[#This Row],[New followers - unfollows]]) -> 0.028739778
A28: 45488 | B28: YouTube | C28: 1963 | D28: 137 | E28: 255684 | F28: 11.208367 | G28: 24537 | H28: =(Table3_211[[#This Row],[New_Followers]]-Table3_211[[#This Row],[Unfollows]]) -> 1826 | I28: =Table3_211[[#This Row],[New followers - unfollows]]/(Table3_211[[#This Row],[Total_Followers]]-Table3_211[[#This Row],[New followers - unfollows]]) -> 0.0071929977 | K28: Advice for Apple considering the growth rates and engagement rates - continue a multiplatform
A29: 45488 | B29: Instagram | C29: 1536 | D29: 155 | E29: 257065 | F29: 12.157626 | G29: 36661 | H29: =(Table3_211[[#This Row],[New_Followers]]-Table3_211[[#This Row],[Unfollows]]) -> 1381 | I29: =Table3_211[[#This Row],[New followers - unfollows]]/(Table3_211[[#This Row],[Total_Followers]]-Table3_211[[#This Row],[New followers - unfollows]]) -> 0.0054011984 | K29: strategy, focusing more on Youtube and Twitter as they bring in high number of audience
A30: 45495 | B30: LinkedIn | C30: 8340 | D30: 911 | E30: 264494 | F30: 37.302926 | G30: 48659 | H30: =(Table3_211[[#This Row],[New_Followers]]-Table3_211[[#This Row],[Unfollows]]) -> 7429 | I30: =Table3_211[[#This Row],[New followers - unfollows]]/(Table3_211[[#This Row],[Total_Followers]]-Table3_211[[#This Row],[New followers - unfollows]]) -> 0.028899306 | K30: along with the reach and engagement.
A31: 45495 | B31: Twitter | C31: 8179 | D31: 446 | E31: 272227 | F31: 41.821715 | G31: 43848 | H31: =(Table3_211[[#This Row],[New_Followers]]-Table3_211[[#This Row],[Unfollows]]) -> 7733 | I31: =Table3_211[[#This Row],[New followers - unfollows]]/(Table3_211[[#This Row],[Total_Followers]]-Table3_211[[#This Row],[New followers - unfollows]]) -> 0.029236958
A32: 45495 | B32: LinkedIn | C32: 8967 | D32: 993 | E32: 280201 | F32: 52.792103 | G32: 47804 | H32: =(Table3_211[[#This Row],[New_Followers]]-Table3_211[[#This Row],[Unfollows]]) -> 7974 | I32: =Table3_211[[#This Row],[New followers - unfollows]]/(Table3_211[[#This Row],[Total_Followers]]-Table3_211[[#This Row],[New followers - unfollows]]) -> 0.029291731
A33: 45495 | B33: YouTube | C33: 9734 | D33: 652 | E33: 289283 | F33: 49.647923 | G33: 25379 | H33: =(Table3_211[[#This Row],[New_Followers]]-Table3_211[[#This Row],[Unfollows]]) -> 9082 | I33: =Table3_211[[#This Row],[New followers - unfollows]]/(Table3_211[[#This Row],[Total_Followers]]-Table3_211[[#This Row],[New followers - unfollows]]) -> 0.032412447
A34: 45502 | B34: LinkedIn | C34: 1845 | D34: 104 | E34: 291024 | F34: 28.158159 | G34: 37766 | H34: =(Table3_211[[#This Row],[New_Followers]]-Table3_211[[#This Row],[Unfollows]]) -> 1741 | I34: =Table3_211[[#This Row],[New followers - unfollows]]/(Table3_211[[#This Row],[Total_Followers]]-Table3_211[[#This Row],[New followers - unfollows]]) -> 0.0060183281
A35: 45502 | B35: LinkedIn | C35: 6777 | D35: 981 | E35: 296820 | F35: 23.920558 | G35: 53590 | H35: =(Table3_211[[#This Row],[New_Followers]]-Table3_211[[#This Row],[Unfollows]]) -> 5796 | I35: =Table3_211[[#This Row],[New followers - unfollows]]/(Table3_211[[#This Row],[Total_Followers]]-Table3_211[[#This Row],[New followers - unfollows]]) -> 0.019915883
A36: 45502 | B36: YouTube | C36: 4036 | D36: 591 | E36: 300265 | F36: 44.219273 | G36: 12563 | H36: =(Table3_211[[#This Row],[New_Followers]]-Table3_211[[#This Row],[Unfollows]]) -> 3445 | I36: =Table3_211[[#This Row],[New followers - unfollows]]/(Table3_211[[#This Row],[Total_Followers]]-Table3_211[[#This Row],[New followers - unfollows]]) -> 0.011606361
A37: 45502 | B37: Twitter | C37: 6947 | D37: 908 | E37: 306304 | F37: 14.117674 | G37: 46060 | H37: =(Table3_211[[#This Row],[New_Followers]]-Table3_211[[#This Row],[Unfollows]]) -> 6039 | I37: =Table3_211[[#This Row],[New followers - unfollows]]/(Table3_211[[#This Row],[Total_Followers]]-Table3_211[[#This Row],[New followers - unfollows]]) -> 0.020112234
A38: 45509 | B38: Instagram | C38: 3494 | D38: 281 | E38: 309517 | F38: 27.765519 | G38: 39197 | H38: =(Table3_211[[#This Row],[New_Followers]]-Table3_211[[#This Row],[Unfollows]]) -> 3213 | I38: =Table3_211[[#This Row],[New followers - unfollows]]/(Table3_211[[#This Row],[Total_Followers]]-Table3_211[[#This Row],[New followers - unfollows]]) -> 0.010489579
A39: 45509 | B39: Twitter | C39: 3719 | D39: 222 | E39: 313014 | F39: 21.669318 | G39: 13586 | H39: =(Table3_211[[#This Row],[New_Followers]]-Table3_211[[#This Row],[Unfollows]]) -> 3497 | I39: =Table3_211[[#This Row],[New followers - unfollows]]/(Table3_211[[#This Row],[Total_Followers]]-Table3_211[[#This Row],[New followers - unfollows]]) -> 0.011298249
A40: 45509 | B40: YouTube | C40: 2884 | D40: 341 | E40: 315557 | F40: 46.99975 | G40: 26087 | H40: =(Table3_211[[#This Row],[New_Followers]]-Table3_211[[#This Row],[Unfollows]]) -> 2543 | I40: =Table3_211[[#This Row],[New followers - unfollows]]/(Table3_211[[#This Row],[Total_Followers]]-Table3_211[[#This Row],[New followers - unfollows]]) -> 0.0081242373
A41: 45509 | B41: LinkedIn | C41: 5349 | D41: 502 | E41: 320404 | F41: 5.2152907 | G41: 58868 | H41: =(Table3_211[[#This Row],[New_Followers]]-Table3_211[[#This Row],[Unfollows]]) -> 4847 | I41: =Table3_211[[#This Row],[New followers - unfollows]]/(Table3_211[[#This Row],[Total_Followers]]-Table3_211[[#This Row],[New followers - unfollows]]) -> 0.015360141
A42: 45516 | B42: Twitter | C42: 6179 | D42: 384 | E42: 326199 | F42: 14.712185 | G42: 33225 | H42: =(Table3_211[[#This Row],[New_Followers]]-Table3_211[[#This Row],[Unfollows]]) -> 5795 | I42: =Table3_211[[#This Row],[New followers - unfollows]]/(Table3_211[[#This Row],[Total_Followers]]-Table3_211[[#This Row],[New followers - unfollows]]) -> 0.018086541
... A201: 45789 | B201: Twitter | C201: 8527 | D201: 1091 | E201: 1186398 | F201: 1.6760817 | G201: 41703 | H201: =(Table3_211[[#This Row],[New_Followers]]-Table3_211[[#This Row],[Unfollows]]) -> 7436 | I201: =Table3_211[[#This Row],[New followers - unfollows]]/(Table3_211[[#This Row],[Total_Followers]]-Table3_211[[#This Row],[New followers - unfollows]]) -> 0.0063072432

Sheet Task 4
A1: PostID | B1: Platform | C1: Date | D1: ContentType | E1: Hashtags | F1: Likes | G1: Shares | H1: Comments | I1: Clicks | J1: Reach | K1: Impressions | L1: Campaign | M1: Engagement Rate
A2: A82 | B2: LinkedIn | C2: 45497 | D2: Video | E2: #AppleMusic | F2: 22914 | G2: 954 | H2: 584 | I2: 1519 | J2: 13637 | K2: 49847 | L2: Apple Watch Ultra 2 Launch | M2: 0.49054106
A3: A82 | B3: LinkedIn | C3: 45497 | D3: Video | E3: #AppleLifestyle | F3: 22914 | G3: 954 | H3: 584 | I3: 1519 | J3: 13637 | K3: 49847 | L3: Apple Watch Ultra 2 Launch | M3: 0.49054106
A4: A201 | B4: YouTube | C4: 45672 | D4: Tweet | E4: #ShotOniPhone | F4: 20360 | G4: 254 | H4: 726 | I4: 1995 | J4: 14280 | K4: 43726 | L4: iPhone 16 Launch | M4: 0.48803915
A5: A121 | B5: LinkedIn | C5: 45502 | D5: Video | E5: #AppleWatchUltra2 | F5: 19144 | G5: 1182 | H5: 860 | I5: 1398 | J5: 4185 | K5: 46570 | L5: Apple Watch Ultra 2 Launch | M5: 0.45492807
A6: A121 | B6: LinkedIn | C6: 45502 | D6: Video | E6: #HealthTech | F6: 19144 | G6: 1182 | H6: 860 | I6: 1398 | J6: 4185 | K6: 46570 | L6: Apple Watch Ultra 2 Launch | M6: 0.45492807 | Q6: Task 4.1 | V6: Task 4.2 | AA6: Task 4.3 | AK6: Task 4.4
A7: A127 | B7: Twitter | C7: 45684 | D7: Image | E7: #AppleEvent | F7: 24415 | G7: 860 | H7: 931 | I7: 320 | J7: 65049 | K7: 62911 | L7: Apple Watch Ultra 2 Launch | M7: 0.41655672
A8: A127 | B8: Twitter | C8: 45684 | D8: Image | E8: #iPhone16 | F8: 24415 | G8: 860 | H8: 931 | I8: 320 | J8: 65049 | K8: 62911 | L8: Apple Watch Ultra 2 Launch | M8: 0.41655672 | Q8: Row Labels | R8: Count of Hashtags | V8: Row Labels | W8: Average of Engagement Rate | AA8: Average of Engagement Rate | AB8: Column Labels | AK8: Row Labels | AL8: Average of Reach | AM8: Average of Engagement Rate
A9: A13 | B9: YouTube | C9: 45614 | D9: Carousel | E9: #AppleMusic | F9: 21255 | G9: 1452 | H9: 625 | I9: 1624 | J9: 21282 | K9: 57778 | L9: MacBook Air M3 Campaign | M9: 0.40382152 | Q9: #AppleEvent | R9: 80 | V9: #AppleWatchUltra2 | W9: 0.14380411 | AA9: Row Labels | AB9: Apple Watch Ultra 2 Launch | AC9: Apple Event September 2025 | AD9: MacBook Air M3 Campaign | AE9: iPhone 16 Launch | AF9: Sustainability Awareness Drive | AG9: Grand Total | AK9: Twitter | AL9: 37202.876 | AM9: 0.13978857
A10: A13 | B10: YouTube | C10: 45614 | D10: Carousel | E10: #AppleLifestyle | F10: 21255 | G10: 1452 | H10: 625 | I10: 1624 | J10: 21282 | K10: 57778 | L10: MacBook Air M3 Campaign | M10: 0.40382152 | Q10: #ShotOniPhone | R10: 41 | V10: #HealthTech | W10: 0.14380411 | AA10: Video | AB10: 0.16620438 | AC10: 0.13265746 | AD10: 0.098196564 | AE10: 0.1137222 | AF10: 0.15218625 | AG10: 0.13931353 | AK10: Carousel | AL10: 35215.4 | AM10: 0.14058683
A11: A123 | B11: Twitter | C11: 45457 | D11: Video | E11: #AppleEvent | F11: 17183 | G11: 1224 | H11: 943 | I11: 2010 | J11: 21481 | K11: 49110 | L11: Sustainability Awareness Drive | M11: 0.39401344 | Q11: #AppleWatch | R11: 37 | V11: #AppleLifestyle | W11: 0.13494947 | AA11: Carousel | AB11: 0.14704811 | AC11: 0.10969342 | AD11: 0.13146506 | AE11: 0.12885067 | AF11: 0.085896305 | AG11: 0.12185483 | AK11: Image | AL11: 32206.882 | AM11: 0.18518307
A12: A123 | B12: Twitter | C12: 45457 | D12: Video | E12: #iPhone16 | F12: 17183 | G12: 1224 | H12: 943 | I12: 2010 | J12: 21481 | K12: 49110 | L12: Sustainability Awareness Drive | M12: 0.39401344 | Q12: #Health | R12: 37 | V12: #AppleMusic | W12: 0.13494947 | AA12: Image | AB12: 0.11566497 | AC12: 0.13009933 | AD12: 0.11762051 | AE12: 0.11166453 | AF12: 0.099531955 | AG12: 0.11579193 | AK12: Tweet | AL12: 29890.788 | AM12: 0.11654233
A13: A287 | B13: Instagram | C13: 45519 | D13: Video | E13: #AppleEvent | F13: 14977 | G13: 274 | H13: 798 | I13: 458 | J13: 6636 | K13: 43654 | L13: Apple Watch Ultra 2 Launch | M13: 0.367641 | Q13: #AppleMusic | R13: 34 | V13: #ShotOniPhone | W13: 0.13315746 | AA13: Tweet | AB13: 0.12094522 | AC13: 0.11695266 | AD13: 0.11042064 | AE13: 0.10441733 | AF13: 0.10521591 | AG13: 0.11180473 | AK13: Video | AL13: 51878.897 | AM13: 0.13825433
A14: A287 | B14: Instagram | C14: 45519 | D14: Video | E14: #iPadPro | F14: 14977 | G14: 274 | H14: 798 | I14: 458 | J14: 6636 | K14: 43654 | L14: Apple Watch Ultra 2 Launch | M14: 0.367641 | Q14: #AppleLifestyle | R14: 34 | V14: #iPhone16 | W14: 0.12600407 | AA14: Grand Total | AB14: 0.13868799 | AC14: 0.12092372 | AD14: 0.11730763 | AE14: 0.11632445 | AF14: 0.11437641 | AG14: 0.12238019 | AK14: LinkedIn | AL14: 34504.355 | AM14: 0.12495643
A15: A226 | B15: Twitter | C15: 45908 | D15: Tweet | E15: #AppleWatch | F15: 23785 | G15: 1013 | H15: 468 | I15: 1628 | J15: 8272 | K15: 71348 | L15: Apple Event September 2025 | M15: 0.35412345 | Q15: #iPhone16 | R15: 32 | V15: #iPhonePhotography | W15: 0.12026677 | AK15: Carousel | AL15: 34225.081 | AM15: 0.11078962
A16: A226 | B16: Twitter | C16: 45908 | D16: Tweet | E16: #Health | F16: 23785 | G16: 1013 | H16: 468 | I16: 1628 | J16: 8272 | K16: 71348 | L16: Apple Event September 2025 | M16: 0.35412345 | Q16: #iPhone16Launch | R16: 29 | V16: #Sustainability | W16: 0.12019462 | AK16: Image | AL16: 30485.644 | AM16: 0.11927846
A17: A231 | B17: Twitter | C17: 45909 | D17: Image | E17: #AppleMusic | F17: 19260 | G17: 668 | H17: 994 | I17: 934 | J17: 20509 | K17: 61636 | L17: Apple Event September 2025 | M17: 0.33944448 | Q17: #MacBookAirM3 | R17: 28 | V17: #AppleEarth | W17: 0.12019462 | AA17: Video | AB17: Health and Fitness videos and Sustainability Branding ads | AK17: Tweet | AL17: 32253.595 | AM17: 0.11472045
A18: A231 | B18: Twitter | C18: 45909 | D18: Image | E18: #AppleLifestyle | F18: 19260 | G18: 668 | H18: 994 | I18: 934 | J18: 20509 | K18: 61636 | L18: Apple Event September 2025 | M18: 0.33944448 | Q18: #AppleInnovation | R18: 28 | V18: #AppleEvent | W18: 0.1185215 | AA18: Carousel | AB18: Health and Fitness comparisons and Product Launch highlights | AK18: Video | AL18: 42128.056 | AM18: 0.15713454
A19: A185 | B19: Instagram | C19: 45668 | D19: Image | E19: #MacBookAirM3 | F19: 21181 | G19: 1242 | H19: 963 | I19: 1689 | J19: 49329 | K19: 69165 | L19: Apple Watch Ultra 2 Launch | M19: 0.33811899 | Q19: #Innovation | R19: 25 | V19: #AppleInnovation | W19: 0.1178941 | AA19: Image | AB19: Brand Engagement lifestyle shots and Product Promotion close-ups | AK19: Instagram | AL19: 31834.853 | AM19: 0.1182887
A20: A185 | B20: Instagram | C20: 45668 | D20: Image | E20: #AppleInnovation | F20: 21181 | G20: 1242 | H20: 963 | I20: 1689 | J20: 49329 | K20: 69165 | L20: Apple Watch Ultra 2 Launch | M20: 0.33811899 | Q20: #iPhonePhotography | R20: 25 | V20: #MacBookAirM3 | W20: 0.1178941 | AA20: Tweet | AB20: Health and Fitness Challenges/Hashtags and Product Promotion ads | AK20: Carousel | AL20: 31322.225 | AM20: 0.12448332
A21: A106 | B21: Twitter | C21: 45692 | D21: Carousel | E21: #AppleWatch | F21: 23833 | G21: 555 | H21: 523 | I21: 1330 | J21: 69141 | K21: 73997 | L21: iPhone 16 Launch | M21: 0.33664878 | Q21: #AppleDesign | R21: 25 | V21: #iPhone16Launch | W21: 0.1145658 | AK21: Image | AL21: 35978.459 | AM21: 0.09318579
A22: A106 | B22: Twitter | C22: 45692 | D22: Carousel | E22: #Health | F22: 23833 | G22: 555 | H22: 523 | I22: 1330 | J22: 69141 | K22: 73997 | L22: iPhone 16 Launch | M22: 0.33664878 | Q22: #AppleWatchUltra2 | R22: 25 | V22: #AppleWatch | W22: 0.11399722 | AK22: Tweet | AL22: 24835.931 | AM22: 0.11729282
A23: A174 | B23: LinkedIn | C23: 45465 | D23: Carousel | E23: #AppleWatchUltra2 | F23: 13479 | G23: 1189 | H23: 695 | I23: 416 | J23: 30229 | K23: 45704 | L23: Apple Watch Ultra 2 Launch | M23: 0.33614126 | Q23: #HealthTech | R23: 25 | V23: #Health | W23: 0.11399722 | AK23: Video | AL23: 34173.533 | AM23: 0.14195217
A24: A174 | B24: LinkedIn | C24: 45465 | D24: Carousel | E24: #HealthTech | F24: 13479 | G24: 1189 | H24: 695 | I24: 416 | J24: 30229 | K24: 45704 | L24: Apple Watch Ultra 2 Launch | M24: 0.33614126 | Q24: #iPadPro | R24: 19 | V24: #iPadPro | W24: 0.11195695 | AK24: YouTube | AL24: 34382.299 | AM24: 0.10817234
A25: A254 | B25: Instagram | C25: 45671 | D25: Carousel | E25: #AppleEvent | F25: 24350 | G25: 460 | H25: 666 | I25: 814 | J25: 21120 | K25: 76914 | L25: Apple Watch Ultra 2 Launch | M25: 0.33122708 | Q25: #MacBookProM3 | R25: 17 | V25: #AppleDesign | W25: 0.11135741 | AK25: Carousel | AL25: 36671.851 | AM25: 0.10840108
A26: A254 | B26: Instagram | C26: 45671 | D26: Carousel | E26: #iPhone16 | F26: 24350 | G26: 460 | H26: 666 | I26: 814 | J26: 21120 | K26: 76914 | L26: Apple Watch Ultra 2 Launch | M26: 0.33122708 | Q26: #Sustainability | R26: 13 | V26: #Innovation | W26: 0.11135741 | AK26: Image | AL26: 28190.929 | AM26: 0.097930633
A27: A223 | B27: Twitter | C27: 45608 | D27: Video | E27: #AppleDesign | F27: 17913 | G27: 1311 | H27: 859 | I27: 405 | J27: 59842 | K27: 62612 | L27: Sustainability Awareness Drive | M27: 0.32075321 | Q27: #AppleEarth | R27: 13 | V27: #MacBookProM3 | W27: 0.10955527 | AK27: Tweet | AL27: 31338.516 | AM27: 0.098147396
A28: A223 | B28: Twitter | C28: 45608 | D28: Video | E28: #Innovation | F28: 17913 | G28: 1311 | H28: 859 | I28: 405 | J28: 59842 | K28: 62612 | L28: Sustainability Awareness Drive | M28: 0.32075321 | Q28: Grand Total | R28: 567 | V28: Grand Total | W28: 0.12238019 | AK28: Video | AL28: 38287.341 | AM28: 0.1224843
A29: A164 | B29: LinkedIn | C29: 45715 | D29: Image | E29: #MacBookAirM3 | F29: 16178 | G29: 1048 | H29: 871 | I29: 2553 | J29: 39025 | K29: 59508 | L29: Apple Watch Ultra 2 Launch | M29: 0.30411037 | AK29: Grand Total | AL29: 34446.356 | AM29: 0.12238019
A30: A164 | B30: LinkedIn | C30: 45715 | D30: Image | E30: #AppleInnovation | F30: 16178 | G30: 1048 | H30: 871 | I30: 2553 | J30: 39025 | K30: 59508 | L30: Apple Watch Ultra 2 Launch | M30: 0.30411037
A31: A151 | B31: YouTube | C31: 45499 | D31: Video | E31: #MacBookProM3 | F31: 18282 | G31: 224 | H31: 962 | I31: 890 | J31: 35105 | K31: 64089 | L31: iPhone 16 Launch | M31: 0.30376508
A32: A140 | B32: Instagram | C32: 45488 | D32: Tweet | E32: #AppleMusic | F32: 14891 | G32: 674 | H32: 521 | I32: 1091 | J32: 18101 | K32: 53669 | L32: Apple Watch Ultra 2 Launch | M32: 0.2997261 | Q32: Approach for Task 4.1 | V32: Approach for Task 4.2 | AA32: Approach for Task 4.3 | AK32: Youtube | AL32: Videos - Health and Fitness and sustainability Branding ads
A33: A140 | B33: Instagram | C33: 45488 | D33: Tweet | E33: #AppleLifestyle | F33: 14891 | G33: 674 | H33: 521 | I33: 1091 | J33: 18101 | K33: 53669 | L33: Apple Watch Ultra 2 Launch | M33: 0.2997261 | AK33: Instagram | AL33: Videos(Reels) - Health and Fitness and sustainability, increase engagement on Images
A34: A83 | B34: Instagram | C34: 45580 | D34: Carousel | E34: #ShotOniPhone | F34: 17781 | G34: 993 | H34: 627 | I34: 2187 | J34: 9609 | K34: 66155 | L34: iPhone 16 Launch | M34: 0.29326582 | Q34: A pivot table to find the count of hashtags each. | V34: Average performance defined by engagement rates of all hashtags | AA34: A Pivot table containing the average of engagement rates for different Content types per Campaign. | AK34: Twitter | AL34: Videos for Reach(need to work on making the content relatable for the audience to engage w it more)
A35: A196 | B35: Twitter | C35: 45918 | D35: Tweet | E35: #MacBookProM3 | F35: 10152 | G35: 1445 | H35: 526 | I35: 513 | J35: 18959 | K35: 43712 | L35: Apple Event September 2025 | M35: 0.27733803 | AL35: and images for engagement - need to work on increasing their reach
A36: A136 | B36: Instagram | C36: 45932 | D36: Carousel | E36: #AppleDesign | F36: 12161 | G36: 736 | H36: 876 | I36: 1233 | J36: 21337 | K36: 50225 | L36: Apple Event September 2025 | M36: 0.27422598 | AK36: LinkedIn | AL36: Videos for Positive Health Benefits posts.
A37: A136 | B37: Instagram | C37: 45932 | D37: Carousel | E37: #Innovation | F37: 12161 | G37: 736 | H37: 876 | I37: 1233 | J37: 21337 | K37: 50225 | L37: Apple Event September 2025 | M37: 0.27422598
A38: A5 | B38: YouTube | C38: 45904 | D38: Video | E38: #AppleWatchUltra2 | F38: 21708 | G38: 435 | H38: 317 | I38: 1213 | J38: 70701 | K38: 83585 | L38: Apple Event September 2025 | M38: 0.2687085
A39: A5 | B39: YouTube | C39: 45904 | D39: Video | E39: #HealthTech | F39: 21708 | G39: 435 | H39: 317 | I39: 1213 | J39: 70701 | K39: 83585 | L39: Apple Event September 2025 | M39: 0.2687085 | AK39: Approach for Task 4.4
A40: A80 | B40: LinkedIn | C40: 45456 | D40: Image | E40: #AppleWatchUltra2 | F40: 14173 | G40: 294 | H40: 257 | I40: 1288 | J40: 39466 | K40: 55563 | L40: MacBook Air M3 Campaign | M40: 0.26499649
A41: A80 | B41: LinkedIn | C41: 45456 | D41: Image | E41: #HealthTech | F41: 14173 | G41: 294 | H41: 257 | I41: 1288 | J41: 39466 | K41: 55563 | L41: MacBook Air M3 Campaign | M41: 0.26499649 | AK41: Analyzed both Reach and Engagement rates to get an accurate performance of content types across platforms.
A42: A150 | B42: LinkedIn | C42: 45526 | D42: Video | E42: #iPhonePhotography | F42: 16124 | G42: 863 | H42: 337 | I42: 819 | J42: 85788 | K42: 68625 | L42: iPhone 16 Launch | M42: 0.25244444
A43: A150 | B43: LinkedIn | C43: 45526 | D43: Video | E43: #ShotOniPhone | F43: 16124 | G43: 863 | H43: 337 | I43: 819 | J43: 85788 | K43: 68625 | L43: iPhone 16 Launch | M43: 0.25244444
A44: A220 | B44: YouTube | C44: 45445 | D44: Video | E44: #MacBookAirM3 | F44: 14199 | G44: 1206 | H44: 954 | I44: 2009 | J44: 8 | K44: 65537 | L44: Sustainability Awareness Drive | M44: 0.24961472
A45: A220 | B45: YouTube | C45: 45445 | D45: Video | E45: #AppleInnovation | F45: 14199 | G45: 1206 | H45: 954 | I45: 2009 | J45: 8 | K45: 65537 | L45: Sustainability Awareness Drive | M45: 0.24961472
A46: A21 | B46: Twitter | C46: 45908 | D46: Carousel | E46: #iPhonePhotography | F46: 22309 | G46: 773 | H46: 854 | I46: 2387 | J46: 72396 | K46: 97056 | L46: Apple Event September 2025 | M46: 0.24662051
A47: A21 | B47: Twitter | C47: 45908 | D47: Carousel | E47: #ShotOniPhone | F47: 22309 | G47: 773 | H47: 854 | I47: 2387 | J47: 72396 | K47: 97056 | L47: Apple Event September 2025 | M47: 0.24662051
A48: A244 | B48: Instagram | C48: 45913 | D48: Video | E48: #iPhonePhotography | F48: 15046 | G48: 281 | H48: 515 | I48: 550 | J48: 22583 | K48: 64596 | L48: Apple Event September 2025 | M48: 0.24524738
A49: A244 | B49: Instagram | C49: 45913 | D49: Video | E49: #ShotOniPhone | F49: 15046 | G49: 281 | H49: 515 | I49: 550 | J49: 22583 | K49: 64596 | L49: Apple Event September 2025 | M49: 0.24524738
A50: A76 | B50: Twitter | C50: 45603 | D50: Carousel | E50: #ShotOniPhone | F50: 17254 | G50: 246 | H50: 952 | I50: 871 | J50: 14957 | K50: 75946 | L50: MacBook Air M3 Campaign | M50: 0.2429621
A51: A216 | B51: Instagram | C51: 45502 | D51: Tweet | E51: #AppleWatchUltra2 | F51: 22590 | G51: 1462 | H51: 966 | I51: 2463 | J51: 29689 | K51: 103449 | L51: Sustainability Awareness Drive | M51: 0.24183897
A52: A216 | B52: Instagram | C52: 45502 | D52: Tweet | E52: #HealthTech | F52: 22590 | G52: 1462 | H52: 966 | I52: 2463 | J52: 29689 | K52: 103449 | L52: Sustainability Awareness Drive | M52: 0.24183897
A53: A51 | B53: YouTube | C53: 45456 | D53: Carousel | E53: #AppleWatch | F53: 23164 | G53: 1122 | H53: 900 | I53: 888 | J53: 36938 | K53: 104674 | L53: Apple Watch Ultra 2 Launch | M53: 0.24061371
... A568: A167 | B568: LinkedIn | C568: 45624 | D568: Carousel | E568: #iPhone16 | F568: 2302 | G568: 347 | H568: 642 | I568: 2175 | J568: 56378 | K568: 198056 | L568: MacBook Air M3 Campaign | M568: 0.016616513

Sheet Task 5.1.1
A1: PostID | B1: Platform | C1: Date | D1: ContentType | E1: Hashtags | F1: Likes | G1: Shares | H1: Comments | I1: Clicks | J1: Reach | K1: Impressions | L1: Campaign | M1: Engagement Rate
A2: A82 | B2: LinkedIn | C2: 45497 | D2: Video | E2: #AppleMusic | F2: 22914 | G2: 954 | H2: 584 | I2: 1519 | J2: 13637 | K2: 49847 | L2: Apple Watch Ultra 2 Launch | M2: 0.49054106
A3: A82 | B3: LinkedIn | C3: 45497 | D3: Video | E3: #AppleLifestyle | F3: 22914 | G3: 954 | H3: 584 | I3: 1519 | J3: 13637 | K3: 49847 | L3: Apple Watch Ultra 2 Launch | M3: 0.49054106
A4: A201 | B4: YouTube | C4: 45672 | D4: Tweet | E4: #ShotOniPhone | F4: 20360 | G4: 254 | H4: 726 | I4: 1995 | J4: 14280 | K4: 43726 | L4: iPhone 16 Launch | M4: 0.48803915
A5: A121 | B5: LinkedIn | C5: 45502 | D5: Video | E5: #AppleWatchUltra2 | F5: 19144 | G5: 1182 | H5: 860 | I5: 1398 | J5: 4185 | K5: 46570 | L5: Apple Watch Ultra 2 Launch | M5: 0.45492807
A6: A121 | B6: LinkedIn | C6: 45502 | D6: Video | E6: #HealthTech | F6: 19144 | G6: 1182 | H6: 860 | I6: 1398 | J6: 4185 | K6: 46570 | L6: Apple Watch Ultra 2 Launch | M6: 0.45492807 | P6: Task 5.1.1
A7: A127 | B7: Twitter | C7: 45684 | D7: Image | E7: #AppleEvent | F7: 24415 | G7: 860 | H7: 931 | I7: 320 | J7: 65049 | K7: 62911 | L7: Apple Watch Ultra 2 Launch | M7: 0.41655672
A8: A127 | B8: Twitter | C8: 45684 | D8: Image | E8: #iPhone16 | F8: 24415 | G8: 860 | H8: 931 | I8: 320 | J8: 65049 | K8: 62911 | L8: Apple Watch Ultra 2 Launch | M8: 0.41655672
A9: A13 | B9: YouTube | C9: 45614 | D9: Carousel | E9: #AppleMusic | F9: 21255 | G9: 1452 | H9: 625 | I9: 1624 | J9: 21282 | K9: 57778 | L9: MacBook Air M3 Campaign | M9: 0.40382152 | P9: Row Labels | Q9: Sum of Impressions | R9: Sum of Likes | S9: Sum of Clicks | T9: Average of Impressions | U9: Average of Clicks | V9: Average of Likes
A10: A13 | B10: YouTube | C10: 45614 | D10: Carousel | E10: #AppleLifestyle | F10: 21255 | G10: 1452 | H10: 625 | I10: 1624 | J10: 21282 | K10: 57778 | L10: MacBook Air M3 Campaign | M10: 0.40382152 | P10: Apple Event September 2025 | Q10: 18885503 | R10: 1766632 | S10: 214947 | T10: 148704.75 | U10: 1692.4961 | V10: 13910.488
A11: A123 | B11: Twitter | C11: 45457 | D11: Video | E11: #AppleEvent | F11: 17183 | G11: 1224 | H11: 943 | I11: 2010 | J11: 21481 | K11: 49110 | L11: Sustainability Awareness Drive | M11: 0.39401344 | P11: Apple Watch Ultra 2 Launch | Q11: 18065641 | R11: 1736534 | S11: 204790 | T11: 135831.89 | U11: 1539.7744 | V11: 13056.647
A12: A123 | B12: Twitter | C12: 45457 | D12: Video | E12: #iPhone16 | F12: 17183 | G12: 1224 | H12: 943 | I12: 2010 | J12: 21481 | K12: 49110 | L12: Sustainability Awareness Drive | M12: 0.39401344 | P12: iPhone 16 Launch | Q12: 17167722 | R12: 1599185 | S12: 182775 | T12: 153283.23 | U12: 1631.9196 | V12: 14278.438
A13: A287 | B13: Instagram | C13: 45519 | D13: Video | E13: #AppleEvent | F13: 14977 | G13: 274 | H13: 798 | I13: 458 | J13: 6636 | K13: 43654 | L13: Apple Watch Ultra 2 Launch | M13: 0.367641 | P13: MacBook Air M3 Campaign | Q13: 12720433 | R13: 1103676 | S13: 141903 | T13: 146211.87 | U13: 1631.069 | V13: 12685.931
A14: A287 | B14: Instagram | C14: 45519 | D14: Video | E14: #iPadPro | F14: 14977 | G14: 274 | H14: 798 | I14: 458 | J14: 6636 | K14: 43654 | L14: Apple Watch Ultra 2 Launch | M14: 0.367641 | P14: Sustainability Awareness Drive | Q14: 17204288 | R14: 1481603 | S14: 172188 | T14: 159298.96 | U14: 1594.3333 | V14: 13718.546
A15: A226 | B15: Twitter | C15: 45908 | D15: Tweet | E15: #AppleWatch | F15: 23785 | G15: 1013 | H15: 468 | I15: 1628 | J15: 8272 | K15: 71348 | L15: Apple Event September 2025 | M15: 0.35412345 | P15: Grand Total | Q15: 84043587 | R15: 7687630 | S15: 916603 | T15: 148225.02 | U15: 1616.5838 | V15: 13558.43
A16: A226 | B16: Twitter | C16: 45908 | D16: Tweet | E16: #Health | F16: 23785 | G16: 1013 | H16: 468 | I16: 1628 | J16: 8272 | K16: 71348 | L16: Apple Event September 2025 | M16: 0.35412345
A17: A231 | B17: Twitter | C17: 45909 | D17: Image | E17: #AppleMusic | F17: 19260 | G17: 668 | H17: 994 | I17: 934 | J17: 20509 | K17: 61636 | L17: Apple Event September 2025 | M17: 0.33944448
A18: A231 | B18: Twitter | C18: 45909 | D18: Image | E18: #AppleLifestyle | F18: 19260 | G18: 668 | H18: 994 | I18: 934 | J18: 20509 | K18: 61636 | L18: Apple Event September 2025 | M18: 0.33944448 | P18: Approach for Task 5.1.1
A19: A185 | B19: Instagram | C19: 45668 | D19: Image | E19: #MacBookAirM3 | F19: 21181 | G19: 1242 | H19: 963 | I19: 1689 | J19: 49329 | K19: 69165 | L19: Apple Watch Ultra 2 Launch | M19: 0.33811899
A20: A185 | B20: Instagram | C20: 45668 | D20: Image | E20: #AppleInnovation | F20: 21181 | G20: 1242 | H20: 963 | I20: 1689 | J20: 49329 | K20: 69165 | L20: Apple Watch Ultra 2 Launch | M20: 0.33811899 | P20: Inserted a Pivot Table to analyze sum and averages both
A21: A106 | B21: Twitter | C21: 45692 | D21: Carousel | E21: #AppleWatch | F21: 23833 | G21: 555 | H21: 523 | I21: 1330 | J21: 69141 | K21: 73997 | L21: iPhone 16 Launch | M21: 0.33664878
A22: A106 | B22: Twitter | C22: 45692 | D22: Carousel | E22: #Health | F22: 23833 | G22: 555 | H22: 523 | I22: 1330 | J22: 69141 | K22: 73997 | L22: iPhone 16 Launch | M22: 0.33664878
A23: A174 | B23: LinkedIn | C23: 45465 | D23: Carousel | E23: #AppleWatchUltra2 | F23: 13479 | G23: 1189 | H23: 695 | I23: 416 | J23: 30229 | K23: 45704 | L23: Apple Watch Ultra 2 Launch | M23: 0.33614126
A24: A174 | B24: LinkedIn | C24: 45465 | D24: Carousel | E24: #HealthTech | F24: 13479 | G24: 1189 | H24: 695 | I24: 416 | J24: 30229 | K24: 45704 | L24: Apple Watch Ultra 2 Launch | M24: 0.33614126
A25: A254 | B25: Instagram | C25: 45671 | D25: Carousel | E25: #AppleEvent | F25: 24350 | G25: 460 | H25: 666 | I25: 814 | J25: 21120 | K25: 76914 | L25: Apple Watch Ultra 2 Launch | M25: 0.33122708
A26: A254 | B26: Instagram | C26: 45671 | D26: Carousel | E26: #iPhone16 | F26: 24350 | G26: 460 | H26: 666 | I26: 814 | J26: 21120 | K26: 76914 | L26: Apple Watch Ultra 2 Launch | M26: 0.33122708
A27: A223 | B27: Twitter | C27: 45608 | D27: Video | E27: #AppleDesign | F27: 17913 | G27: 1311 | H27: 859 | I27: 405 | J27: 59842 | K27: 62612 | L27: Sustainability Awareness Drive | M27: 0.32075321
A28: A223 | B28: Twitter | C28: 45608 | D28: Video | E28: #Innovation | F28: 17913 | G28: 1311 | H28: 859 | I28: 405 | J28: 59842 | K28: 62612 | L28: Sustainability Awareness Drive | M28: 0.32075321
A29: A164 | B29: LinkedIn | C29: 45715 | D29: Image | E29: #MacBookAirM3 | F29: 16178 | G29: 1048 | H29: 871 | I29: 2553 | J29: 39025 | K29: 59508 | L29: Apple Watch Ultra 2 Launch | M29: 0.30411037
A30: A164 | B30: LinkedIn | C30: 45715 | D30: Image | E30: #AppleInnovation | F30: 16178 | G30: 1048 | H30: 871 | I30: 2553 | J30: 39025 | K30: 59508 | L30: Apple Watch Ultra 2 Launch | M30: 0.30411037
A31: A151 | B31: YouTube | C31: 45499 | D31: Video | E31: #MacBookProM3 | F31: 18282 | G31: 224 | H31: 962 | I31: 890 | J31: 35105 | K31: 64089 | L31: iPhone 16 Launch | M31: 0.30376508
A32: A140 | B32: Instagram | C32: 45488 | D32: Tweet | E32: #AppleMusic | F32: 14891 | G32: 674 | H32: 521 | I32: 1091 | J32: 18101 | K32: 53669 | L32: Apple Watch Ultra 2 Launch | M32: 0.2997261
... A568: A167 | B568: LinkedIn | C568: 45624 | D568: Carousel | E568: #iPhone16 | F568: 2302 | G568: 347 | H568: 642 | I568: 2175 | J568: 56378 | K568: 198056 | L568: MacBook Air M3 Campaign | M568: 0.016616513

Sheet Task 5.2.1
A1: Campaign_Name | B1: Start_Date | C1: End_Date | D1: Objective | E1: Ad_Spend | F1: Impressions | G1: Engagement_Uplift | H1: ROI per 10k
A2: Sustainability Awareness Drive | B2: 45717 | C2: 45747 | D2: Sustainability Branding | E2: 40000 | F2: 550000 | G2: 0.32 | H2: =(Table5_214[[#This Row],[Engagement_Uplift]]/Table5_214[[#This Row],[Ad_Spend]])*10000 -> 0.08
A3: Apple Watch Ultra 2 Launch | B3: 45651 | C3: 45667 | D3: Health & Fitness Awareness | E3: 55000 | F3: 700000 | G3: 0.41 | H3: =(Table5_214[[#This Row],[Engagement_Uplift]]/Table5_214[[#This Row],[Ad_Spend]])*10000 -> 0.074545455
A4: MacBook Air M3 Campaign | B4: 45566 | C4: 45596 | D4: Product Promotion | E4: 60000 | F4: 780000 | G4: 0.38 | H4: =(Table5_214[[#This Row],[Engagement_Uplift]]/Table5_214[[#This Row],[Ad_Spend]])*10000 -> 0.063333333
A5: Apple Event September 2025 | B5: 45901 | C5: 45930 | D5: Brand Engagement | E5: 75000 | F5: 880000 | G5: 0.47 | H5: =(Table5_214[[#This Row],[Engagement_Uplift]]/Table5_214[[#This Row],[Ad_Spend]])*10000 -> 0.062666667
A6: iPhone 16 Launch | B6: 45458 | C6: 45488 | D6: Product Launch | E6: 85000 | F6: 950000 | G6: 0.45 | H6: =(Table5_214[[#This Row],[Engagement_Uplift]]/Table5_214[[#This Row],[Ad_Spend]])*10000 -> 0.052941176
A11: Approach fo Task 5.2.1
A13: ROI should be the impact that the campaign had, so calculating it on the basis of engagement uplift and not the engagement rates
A14: Calculated ROI using the standard formula engagement uplift/ad spend
A15: Standardized it so we get the ROI values for per 10k spent
A16: The Sustainability Awareness Drive had the highest Return on Investment as it has the highesht ROI of 0.08

Sheet Task 5.2.2
A1: Week_Start_Date | B1: Platform | C1: New_Followers | D1: Unfollows | E1: Total_Followers | F1: Engagement_Rate | G1: Ad_Spend | H1: Campaign | I1: Follower growth
A2: 45446 | B2: Instagram | C2: 4138 | D2: 361 | E2: 103777 | F2: 56.637791 | G2: 23944 | H2: ='Task 3.1'!N25 -> Health & Fitness Awareness | I2: =Table3_215[[#This Row],[New_Followers]]-Table3_215[[#This Row],[Unfollows]] -> 3777
A3: 45446 | B3: Twitter | C3: 8693 | D3: 1261 | E3: 111209 | F3: 69.475492 | G3: 29873 | H3: ='Task 3.1'!N26 -> Health & Fitness Awareness | I3: =Table3_215[[#This Row],[New_Followers]]-Table3_215[[#This Row],[Unfollows]] -> 7432
A4: 45446 | B4: YouTube | C4: 9264 | D4: 1141 | E4: 119332 | F4: 92.312205 | G4: 50372 | H4: ='Task 3.1'!N27 -> Sustainability Branding | I4: =Table3_215[[#This Row],[New_Followers]]-Table3_215[[#This Row],[Unfollows]] -> 8123
A5: 45446 | B5: YouTube | C5: 8842 | D5: 971 | E5: 127203 | F5: 16.351816 | G5: 33928 | H5: ='Task 3.1'!N28 -> Sustainability Branding | I5: =Table3_215[[#This Row],[New_Followers]]-Table3_215[[#This Row],[Unfollows]] -> 7871 | L5: Row Labels | M5: Average of Follower growth
A6: 45453 | B6: Instagram | C6: 7721 | D6: 506 | E6: 134418 | F6: 35.577824 | G6: 25379 | H6: ='Task 3.1'!N29 -> Health & Fitness Awareness | I6: =Table3_215[[#This Row],[New_Followers]]-Table3_215[[#This Row],[Unfollows]] -> 7215 | L6: Brand Engagement | M6: 5999.3478
A7: 45453 | B7: YouTube | C7: 8002 | D7: 524 | E7: 141896 | F7: 52.064893 | G7: 46751 | H7: ='Task 3.1'!N30 -> Health & Fitness Awareness | I7: =Table3_215[[#This Row],[New_Followers]]-Table3_215[[#This Row],[Unfollows]] -> 7478 | L7: Product Promotion | M7: 5976.9333
A8: 45453 | B8: Twitter | C8: 5225 | D8: 291 | E8: 146830 | F8: 19.551863 | G8: 44546 | H8: ='Task 3.1'!N31 -> Product Launch | I8: =Table3_215[[#This Row],[New_Followers]]-Table3_215[[#This Row],[Unfollows]] -> 4934 | L8: Health & Fitness Awareness | M8: 5432.1522
A9: 45453 | B9: Twitter | C9: 3978 | D9: 543 | E9: 150265 | F9: 49.159818 | G9: 34286 | H9: ='Task 3.1'!N32 -> Health & Fitness Awareness | I9: =Table3_215[[#This Row],[New_Followers]]-Table3_215[[#This Row],[Unfollows]] -> 3435 | L9: Product Launch | M9: 4902.4146
A10: 45460 | B10: Instagram | C10: 8373 | D10: 921 | E10: 157717 | F10: 12.226329 | G10: 15110 | H10: ='Task 3.1'!N33 -> Health & Fitness Awareness | I10: =Table3_215[[#This Row],[New_Followers]]-Table3_215[[#This Row],[Unfollows]] -> 7452 | L10: Sustainability Branding | M10: 4871.4054
A11: 45460 | B11: Twitter | C11: 6907 | D11: 834 | E11: 163790 | F11: 54.158984 | G11: 22087 | H11: ='Task 3.1'!N34 -> Product Launch | I11: =Table3_215[[#This Row],[New_Followers]]-Table3_215[[#This Row],[Unfollows]] -> 6073 | L11: Grand Total | M11: 5431.99
A12: 45460 | B12: LinkedIn | C12: 7097 | D12: 369 | E12: 170518 | F12: 9.2506363 | G12: 33762 | H12: ='Task 3.1'!N35 -> Brand Engagement | I12: =Table3_215[[#This Row],[New_Followers]]-Table3_215[[#This Row],[Unfollows]] -> 6728
A13: 45460 | B13: Instagram | C13: 6656 | D13: 978 | E13: 176196 | F13: 60.425889 | G13: 27081 | H13: ='Task 3.1'!N36 -> Brand Engagement | I13: =Table3_215[[#This Row],[New_Followers]]-Table3_215[[#This Row],[Unfollows]] -> 5678
A14: 45467 | B14: Twitter | C14: 9984 | D14: 1330 | E14: 184850 | F14: 57.524479 | G14: 44947 | H14: ='Task 3.1'!N37 -> Brand Engagement | I14: =Table3_215[[#This Row],[New_Followers]]-Table3_215[[#This Row],[Unfollows]] -> 8654 | L14: Approach for Task 5.2.2
A15: 45467 | B15: Instagram | C15: 5259 | D15: 374 | E15: 189735 | F15: 14.827523 | G15: 19596 | H15: ='Task 3.1'!N38 -> Brand Engagement | I15: =Table3_215[[#This Row],[New_Followers]]-Table3_215[[#This Row],[Unfollows]] -> 4885
A16: 45467 | B16: YouTube | C16: 9286 | D16: 633 | E16: 198388 | F16: 5.4343005 | G16: 48019 | H16: ='Task 3.1'!N39 -> Brand Engagement | I16: =Table3_215[[#This Row],[New_Followers]]-Table3_215[[#This Row],[Unfollows]] -> 8653 | L16: Created a pivot table with average of follower growth to assess follower growth over time
A17: 45467 | B17: Twitter | C17: 6901 | D17: 471 | E17: 204818 | F17: 60.827662 | G17: 52003 | H17: ='Task 3.1'!N40 -> Product Promotion | I17: =Table3_215[[#This Row],[New_Followers]]-Table3_215[[#This Row],[Unfollows]] -> 6430 | L17: The Apple Event September 2025 drove the strongest follower growth
A18: 45474 | B18: LinkedIn | C18: 5917 | D18: 475 | E18: 210260 | F18: 17.894036 | G18: 28313 | H18: ='Task 3.1'!N41 -> Product Promotion | I18: =Table3_215[[#This Row],[New_Followers]]-Table3_215[[#This Row],[Unfollows]] -> 5442
A19: 45474 | B19: Twitter | C19: 9429 | D19: 966 | E19: 218723 | F19: 7.6914636 | G19: 57639 | H19: ='Task 3.1'!N42 -> Product Launch | I19: =Table3_215[[#This Row],[New_Followers]]-Table3_215[[#This Row],[Unfollows]] -> 8463
A20: 45474 | B20: Instagram | C20: 3530 | D20: 328 | E20: 221925 | F20: 12.83722 | G20: 11013 | H20: ='Task 3.1'!N43 -> Product Launch | I20: =Table3_215[[#This Row],[New_Followers]]-Table3_215[[#This Row],[Unfollows]] -> 3202
A21: 45474 | B21: Instagram | C21: 2960 | D21: 234 | E21: 224651 | F21: 17.412787 | G21: 59378 | H21: ='Task 3.1'!N44 -> Sustainability Branding | I21: =Table3_215[[#This Row],[New_Followers]]-Table3_215[[#This Row],[Unfollows]] -> 2726
A22: 45481 | B22: Twitter | C22: 8045 | D22: 894 | E22: 231802 | F22: 47.634188 | G22: 33705 | H22: ='Task 3.1'!N45 -> Sustainability Branding | I22: =Table3_215[[#This Row],[New_Followers]]-Table3_215[[#This Row],[Unfollows]] -> 7151
A23: 45481 | B23: LinkedIn | C23: 2048 | D23: 130 | E23: 233720 | F23: 39.284614 | G23: 11828 | H23: ='Task 3.1'!N46 -> Brand Engagement | I23: =Table3_215[[#This Row],[New_Followers]]-Table3_215[[#This Row],[Unfollows]] -> 1918
A24: 45481 | B24: LinkedIn | C24: 6772 | D24: 536 | E24: 239956 | F24: 9.8205504 | G24: 17909 | H24: ='Task 3.1'!N47 -> Brand Engagement | I24: =Table3_215[[#This Row],[New_Followers]]-Table3_215[[#This Row],[Unfollows]] -> 6236
A25: 45481 | B25: LinkedIn | C25: 3529 | D25: 305 | E25: 243180 | F25: 41.606629 | G25: 48356 | H25: ='Task 3.1'!N48 -> Brand Engagement | I25: =Table3_215[[#This Row],[New_Followers]]-Table3_215[[#This Row],[Unfollows]] -> 3224
A26: 45488 | B26: Instagram | C26: 3964 | D26: 378 | E26: 246766 | F26: 13.63559 | G26: 23109 | H26: ='Task 3.1'!N49 -> Brand Engagement | I26: =Table3_215[[#This Row],[New_Followers]]-Table3_215[[#This Row],[Unfollows]] -> 3586
A27: 45488 | B27: Twitter | C27: 8137 | D27: 1045 | E27: 253858 | F27: 20.472469 | G27: 12023 | H27: ='Task 3.1'!N50 -> Product Promotion | I27: =Table3_215[[#This Row],[New_Followers]]-Table3_215[[#This Row],[Unfollows]] -> 7092
A28: 45488 | B28: YouTube | C28: 1963 | D28: 137 | E28: 255684 | F28: 11.208367 | G28: 24537 | H28: ='Task 3.1'!N51 -> Sustainability Branding | I28: =Table3_215[[#This Row],[New_Followers]]-Table3_215[[#This Row],[Unfollows]] -> 1826
A29: 45488 | B29: Instagram | C29: 1536 | D29: 155 | E29: 257065 | F29: 12.157626 | G29: 36661 | H29: ='Task 3.1'!N52 -> Sustainability Branding | I29: =Table3_215[[#This Row],[New_Followers]]-Table3_215[[#This Row],[Unfollows]] -> 1381
... A201: 45789 | B201: Twitter | C201: 8527 | D201: 1091 | E201: 1186398 | F201: 1.6760817 | G201: 41703 | H201: ='Task 3.1'!N224 -> Health & Fitness Awareness | I201: =Table3_215[[#This Row],[New_Followers]]-Table3_215[[#This Row],[Unfollows]] -> 7436

Sheet Task 6.1
A1: Week_Start_Date | B1: Week number | C1: Platform | D1: New_Followers | E1: Unfollows | F1: Total_Followers | G1: Engagement_Rate | H1: Ad_Spend | I1: Campaign | J1: Growth rate
A2: 45446 | B2: 1 | C2: Instagram | D2: 4138 | E2: 361 | F2: 103777 | G2: 56.637791 | H2: 23944 | I2: ='Task 3.1'!N25 -> Health & Fitness Awareness | J2: =D2-E2 -> 3777
A3: 45446 | B3: =IF(A3=A2,B2,B2+1) -> 1 | C3: Twitter | D3: 8693 | E3: 1261 | F3: 111209 | G3: 69.475492 | H3: 29873 | I3: ='Task 3.1'!N26 -> Health & Fitness Awareness | J3: =D3-E3 -> 7432
A4: 45446 | B4: =IF(A4=A3,B3,B3+1) -> 1 | C4: YouTube | D4: 9264 | E4: 1141 | F4: 119332 | G4: 92.312205 | H4: 50372 | I4: ='Task 3.1'!N27 -> Sustainability Branding | J4: =D4-E4 -> 8123 | M4: Task 6.1 | U4: Task 6.1 and 6.3
A5: 45446 | B5: =IF(A5=A4,B4,B4+1) -> 1 | C5: YouTube | D5: 8842 | E5: 971 | F5: 127203 | G5: 16.351816 | H5: 33928 | I5: ='Task 3.1'!N28 -> Sustainability Branding | J5: =D5-E5 -> 7871
A6: 45453 | B6: =IF(A6=A5,B5,B5+1) -> 2 | C6: Instagram | D6: 7721 | E6: 506 | F6: 134418 | G6: 35.577824 | H6: 25379 | I6: ='Task 3.1'!N29 -> Health & Fitness Awareness | J6: =D6-E6 -> 7215
A7: 45453 | B7: =IF(A7=A6,B6,B6+1) -> 2 | C7: YouTube | D7: 8002 | E7: 524 | F7: 141896 | G7: 52.064893 | H7: 46751 | I7: ='Task 3.1'!N30 -> Health & Fitness Awareness | J7: =D7-E7 -> 7478 | M7: Sum of Growth rate | N7: Column Labels
A8: 45453 | B8: =IF(A8=A7,B7,B7+1) -> 2 | C8: Twitter | D8: 5225 | E8: 291 | F8: 146830 | G8: 19.551863 | H8: 44546 | I8: ='Task 3.1'!N31 -> Product Launch | J8: =D8-E8 -> 4934 | M8: Row Labels | N8: Instagram | O8: LinkedIn | P8: Twitter | Q8: YouTube | R8: Grand Total
A9: 45453 | B9: =IF(A9=A8,B8,B8+1) -> 2 | C9: Twitter | D9: 3978 | E9: 543 | F9: 150265 | G9: 49.159818 | H9: 34286 | I9: ='Task 3.1'!N32 -> Health & Fitness Awareness | J9: =D9-E9 -> 3435 | M9: 1 | N9: 3777 | P9: 7432 | Q9: 15994 | R9: 27203
A10: 45460 | B10: =IF(A10=A9,B9,B9+1) -> 3 | C10: Instagram | D10: 8373 | E10: 921 | F10: 157717 | G10: 12.226329 | H10: 15110 | I10: ='Task 3.1'!N33 -> Health & Fitness Awareness | J10: =D10-E10 -> 7452 | M10: 2 | N10: 7215 | P10: 8369 | Q10: 7478 | R10: 23062
A11: 45460 | B11: =IF(A11=A10,B10,B10+1) -> 3 | C11: Twitter | D11: 6907 | E11: 834 | F11: 163790 | G11: 54.158984 | H11: 22087 | I11: ='Task 3.1'!N34 -> Product Launch | J11: =D11-E11 -> 6073 | M11: 3 | N11: 13130 | O11: 6728 | P11: 6073 | R11: 25931
A12: 45460 | B12: =IF(A12=A11,B11,B11+1) -> 3 | C12: LinkedIn | D12: 7097 | E12: 369 | F12: 170518 | G12: 9.2506363 | H12: 33762 | I12: ='Task 3.1'!N35 -> Brand Engagement | J12: =D12-E12 -> 6728 | M12: 4 | N12: 4885 | P12: 15084 | Q12: 8653 | R12: 28622
A13: 45460 | B13: =IF(A13=A12,B12,B12+1) -> 3 | C13: Instagram | D13: 6656 | E13: 978 | F13: 176196 | G13: 60.425889 | H13: 27081 | I13: ='Task 3.1'!N36 -> Brand Engagement | J13: =D13-E13 -> 5678 | M13: 5 | N13: 5928 | O13: 5442 | P13: 8463 | R13: 19833
A14: 45467 | B14: =IF(A14=A13,B13,B13+1) -> 4 | C14: Twitter | D14: 9984 | E14: 1330 | F14: 184850 | G14: 57.524479 | H14: 44947 | I14: ='Task 3.1'!N37 -> Brand Engagement | J14: =D14-E14 -> 8654 | M14: 6 | O14: 11378 | P14: 7151 | R14: 18529
A15: 45467 | B15: =IF(A15=A14,B14,B14+1) -> 4 | C15: Instagram | D15: 5259 | E15: 374 | F15: 189735 | G15: 14.827523 | H15: 19596 | I15: ='Task 3.1'!N38 -> Brand Engagement | J15: =D15-E15 -> 4885 | M15: 7 | N15: 4967 | P15: 7092 | Q15: 1826 | R15: 13885
A16: 45467 | B16: =IF(A16=A15,B15,B15+1) -> 4 | C16: YouTube | D16: 9286 | E16: 633 | F16: 198388 | G16: 5.4343005 | H16: 48019 | I16: ='Task 3.1'!N39 -> Brand Engagement | J16: =D16-E16 -> 8653 | M16: 8 | O16: 15403 | P16: 7733 | Q16: 9082 | R16: 32218
A17: 45467 | B17: =IF(A17=A16,B16,B16+1) -> 4 | C17: Twitter | D17: 6901 | E17: 471 | F17: 204818 | G17: 60.827662 | H17: 52003 | I17: ='Task 3.1'!N40 -> Product Promotion | J17: =D17-E17 -> 6430 | M17: 9 | O17: 7537 | P17: 6039 | Q17: 3445 | R17: 17021
A18: 45474 | B18: =IF(A18=A17,B17,B17+1) -> 5 | C18: LinkedIn | D18: 5917 | E18: 475 | F18: 210260 | G18: 17.894036 | H18: 28313 | I18: ='Task 3.1'!N41 -> Product Promotion | J18: =D18-E18 -> 5442 | M18: 10 | N18: 3213 | O18: 4847 | P18: 3497 | Q18: 2543 | R18: 14100
A19: 45474 | B19: =IF(A19=A18,B18,B18+1) -> 5 | C19: Twitter | D19: 9429 | E19: 966 | F19: 218723 | G19: 7.6914636 | H19: 57639 | I19: ='Task 3.1'!N42 -> Product Launch | J19: =D19-E19 -> 8463 | M19: 11 | N19: 6853 | P19: 12800 | Q19: 7033 | R19: 26686
A20: 45474 | B20: =IF(A20=A19,B19,B19+1) -> 5 | C20: Instagram | D20: 3530 | E20: 328 | F20: 221925 | G20: 12.83722 | H20: 11013 | I20: ='Task 3.1'!N43 -> Product Launch | J20: =D20-E20 -> 3202 | M20: 12 | N20: 13835 | Q20: 9427 | R20: 23262
A21: 45474 | B21: =IF(A21=A20,B20,B20+1) -> 5 | C21: Instagram | D21: 2960 | E21: 234 | F21: 224651 | G21: 17.412787 | H21: 59378 | I21: ='Task 3.1'!N44 -> Sustainability Branding | J21: =D21-E21 -> 2726 | M21: 13 | N21: 8231 | O21: 1513 | P21: 5753 | Q21: 5303 | R21: 20800
A22: 45481 | B22: =IF(A22=A21,B21,B21+1) -> 6 | C22: Twitter | D22: 8045 | E22: 894 | F22: 231802 | G22: 47.634188 | H22: 33705 | I22: ='Task 3.1'!N45 -> Sustainability Branding | J22: =D22-E22 -> 7151 | M22: 14 | N22: 7396 | O22: 8228 | P22: 6593 | R22: 22217
A23: 45481 | B23: =IF(A23=A22,B22,B22+1) -> 6 | C23: LinkedIn | D23: 2048 | E23: 130 | F23: 233720 | G23: 39.284614 | H23: 11828 | I23: ='Task 3.1'!N46 -> Brand Engagement | J23: =D23-E23 -> 1918 | M23: 15 | N23: 7442 | O23: 6121 | Q23: 11613 | R23: 25176
A24: 45481 | B24: =IF(A24=A23,B23,B23+1) -> 6 | C24: LinkedIn | D24: 6772 | E24: 536 | F24: 239956 | G24: 9.8205504 | H24: 17909 | I24: ='Task 3.1'!N47 -> Brand Engagement | J24: =D24-E24 -> 6236 | M24: 16 | O24: 2199 | P24: 3925 | Q24: 9308 | R24: 15432
A25: 45481 | B25: =IF(A25=A24,B24,B24+1) -> 6 | C25: LinkedIn | D25: 3529 | E25: 305 | F25: 243180 | G25: 41.606629 | H25: 48356 | I25: ='Task 3.1'!N48 -> Brand Engagement | J25: =D25-E25 -> 3224 | M25: 17 | N25: 13040 | P25: 4942 | R25: 17982
A26: 45488 | B26: =IF(A26=A25,B25,B25+1) -> 7 | C26: Instagram | D26: 3964 | E26: 378 | F26: 246766 | G26: 13.63559 | H26: 23109 | I26: ='Task 3.1'!N49 -> Brand Engagement | J26: =D26-E26 -> 3586 | M26: 18 | N26: 9904 | P26: 8530 | R26: 18434
A27: 45488 | B27: =IF(A27=A26,B26,B26+1) -> 7 | C27: Twitter | D27: 8137 | E27: 1045 | F27: 253858 | G27: 20.472469 | H27: 12023 | I27: ='Task 3.1'!N50 -> Product Promotion | J27: =D27-E27 -> 7092 | M27: 19 | N27: 4808 | O27: 2421 | Q27: 10348 | R27: 17577
A28: 45488 | B28: =IF(A28=A27,B27,B27+1) -> 7 | C28: YouTube | D28: 1963 | E28: 137 | F28: 255684 | G28: 11.208367 | H28: 24537 | I28: ='Task 3.1'!N51 -> Sustainability Branding | J28: =D28-E28 -> 1826 | M28: 20 | P28: 16256 | Q28: 7115 | R28: 23371
A29: 45488 | B29: =IF(A29=A28,B28,B28+1) -> 7 | C29: Instagram | D29: 1536 | E29: 155 | F29: 257065 | G29: 12.157626 | H29: 36661 | I29: ='Task 3.1'!N52 -> Sustainability Branding | J29: =D29-E29 -> 1381 | M29: 21 | N29: 23973 | Q29: 6918 | R29: 30891
A30: 45495 | B30: =IF(A30=A29,B29,B29+1) -> 8 | C30: LinkedIn | D30: 8340 | E30: 911 | F30: 264494 | G30: 37.302926 | H30: 48659 | I30: ='Task 3.1'!N53 -> Health & Fitness Awareness | J30: =D30-E30 -> 7429 | M30: 22 | O30: 14812 | Q30: 12442 | R30: 27254
A31: 45495 | B31: =IF(A31=A30,B30,B30+1) -> 8 | C31: Twitter | D31: 8179 | E31: 446 | F31: 272227 | G31: 41.821715 | H31: 43848 | I31: ='Task 3.1'!N54 -> Health & Fitness Awareness | J31: =D31-E31 -> 7733 | M31: 23 | O31: 4942 | P31: 8687 | Q31: 3056 | R31: 16685
A32: 45495 | B32: =IF(A32=A31,B31,B31+1) -> 8 | C32: LinkedIn | D32: 8967 | E32: 993 | F32: 280201 | G32: 52.792103 | H32: 47804 | I32: ='Task 3.1'!N55 -> Brand Engagement | J32: =D32-E32 -> 7974 | M32: 24 | O32: 4882 | P32: 9649 | Q32: 5220 | R32: 19751
A33: 45495 | B33: =IF(A33=A32,B32,B32+1) -> 8 | C33: YouTube | D33: 9734 | E33: 652 | F33: 289283 | G33: 49.647923 | H33: 25379 | I33: ='Task 3.1'!N56 -> Sustainability Branding | J33: =D33-E33 -> 9082 | M33: 25 | N33: 5206 | O33: 9648 | P33: 6384 | R33: 21238
A34: 45502 | B34: =IF(A34=A33,B33,B33+1) -> 9 | C34: LinkedIn | D34: 1845 | E34: 104 | F34: 291024 | G34: 28.158159 | H34: 37766 | I34: ='Task 3.1'!N57 -> Sustainability Branding | J34: =D34-E34 -> 1741 | M34: 26 | N34: 14537 | O34: 8945 | Q34: 5143 | R34: 28625
A35: 45502 | B35: =IF(A35=A34,B34,B34+1) -> 9 | C35: LinkedIn | D35: 6777 | E35: 981 | F35: 296820 | G35: 23.920558 | H35: 53590 | I35: ='Task 3.1'!N58 -> Sustainability Branding | J35: =D35-E35 -> 5796 | M35: 27 | N35: 8999 | O35: 5402 | Q35: 3929 | R35: 18330
A36: 45502 | B36: =IF(A36=A35,B35,B35+1) -> 9 | C36: YouTube | D36: 4036 | E36: 591 | F36: 300265 | G36: 44.219273 | H36: 12563 | I36: ='Task 3.1'!N59 -> Sustainability Branding | J36: =D36-E36 -> 3445 | M36: 28 | N36: 3461 | O36: 949 | P36: 6642 | Q36: 4790 | R36: 15842
A37: 45502 | B37: =IF(A37=A36,B36,B36+1) -> 9 | C37: Twitter | D37: 6947 | E37: 908 | F37: 306304 | G37: 14.117674 | H37: 46060 | I37: ='Task 3.1'!N60 -> Product Promotion | J37: =D37-E37 -> 6039 | M37: 29 | N37: 4802 | O37: 8527 | P37: 6275 | R37: 19604
A38: 45509 | B38: =IF(A38=A37,B37,B37+1) -> 10 | C38: Instagram | D38: 3494 | E38: 281 | F38: 309517 | G38: 27.765519 | H38: 39197 | I38: ='Task 3.1'!N61 -> Brand Engagement | J38: =D38-E38 -> 3213 | M38: 30 | N38: 4314 | O38: 7541 | Q38: 7328 | R38: 19183
A39: 45509 | B39: =IF(A39=A38,B38,B38+1) -> 10 | C39: Twitter | D39: 3719 | E39: 222 | F39: 313014 | G39: 21.669318 | H39: 13586 | I39: ='Task 3.1'!N62 -> Brand Engagement | J39: =D39-E39 -> 3497 | M39: 31 | N39: 4214 | O39: 16577 | P39: 3079 | R39: 23870
A40: 45509 | B40: =IF(A40=A39,B39,B39+1) -> 10 | C40: YouTube | D40: 2884 | E40: 341 | F40: 315557 | G40: 46.99975 | H40: 26087 | I40: ='Task 3.1'!N63 -> Product Launch | J40: =D40-E40 -> 2543 | M40: 32 | O40: 9254 | P40: 9202 | Q40: 8601 | R40: 27057
A41: 45509 | B41: =IF(A41=A40,B40,B40+1) -> 10 | C41: LinkedIn | D41: 5349 | E41: 502 | F41: 320404 | G41: 5.2152907 | H41: 58868 | I41: ='Task 3.1'!N64 -> Product Launch | J41: =D41-E41 -> 4847 | M41: 33 | N41: 2919 | O41: 7471 | P41: 7346 | Q41: 1001 | R41: 18737
A42: 45516 | B42: =IF(A42=A41,B41,B41+1) -> 11 | C42: Twitter | D42: 6179 | E42: 384 | F42: 326199 | G42: 14.712185 | H42: 33225 | I42: ='Task 3.1'!N65 -> Product Promotion | J42: =D42-E42 -> 5795 | M42: 34 | P42: 20155 | Q42: 7654 | R42: 27809
A43: 45516 | B43: =IF(A43=A42,B42,B42+1) -> 11 | C43: Instagram | D43: 7610 | E43: 757 | F43: 333052 | G43: 44.450416 | H43: 39750 | I43: ='Task 3.1'!N66 -> Product Promotion | J43: =D43-E43 -> 6853 | M43: 35 | N43: 3643 | O43: 7260 | P43: 11789 | R43: 22692
A44: 45516 | B44: =IF(A44=A43,B43,B43+1) -> 11 | C44: YouTube | D44: 7430 | E44: 397 | F44: 340085 | G44: 28.065043 | H44: 16643 | I44: ='Task 3.1'!N67 -> Health & Fitness Awareness | J44: =D44-E44 -> 7033 | M44: 36 | P44: 16086 | Q44: 12447 | R44: 28533
A45: 45516 | B45: =IF(A45=A44,B44,B44+1) -> 11 | C45: Twitter | D45: 8154 | E45: 1149 | F45: 347090 | G45: 26.003918 | H45: 37523 | I45: ='Task 3.1'!N68 -> Health & Fitness Awareness | J45: =D45-E45 -> 7005 | M45: 37 | O45: 12622 | P45: 1020 | R45: 13642
A46: 45523 | B46: =IF(A46=A45,B45,B45+1) -> 12 | C46: Instagram | D46: 7488 | E46: 568 | F46: 354010 | G46: 13.477303 | H46: 46727 | I46: ='Task 3.1'!N69 -> Product Promotion | J46: =D46-E46 -> 6920 | M46: 38 | N46: 11468 | O46: 5101 | P46: 1290 | R46: 17859
A47: 45523 | B47: =IF(A47=A46,B46,B46+1) -> 12 | C47: YouTube | D47: 5737 | E47: 666 | F47: 359081 | G47: 4.6034182 | H47: 21005 | I47: ='Task 3.1'!N70 -> Product Promotion | J47: =D47-E47 -> 5071 | M47: 39 | N47: 15087 | Q47: 15359 | R47: 30446
A48: 45523 | B48: =IF(A48=A47,B47,B47+1) -> 12 | C48: Instagram | D48: 7525 | E48: 610 | F48: 365996 | G48: 5.769462 | H48: 53543 | I48: ='Task 3.1'!N71 -> Product Promotion | J48: =D48-E48 -> 6915 | M48: 40 | O48: 7432 | P48: 6326 | Q48: 6631 | R48: 20389
A49: 45523 | B49: =IF(A49=A48,B48,B48+1) -> 12 | C49: YouTube | D49: 4850 | E49: 494 | F49: 370352 | G49: 20.465395 | H49: 10161 | I49: ='Task 3.1'!N72 -> Product Promotion | J49: =D49-E49 -> 4356 | M49: 41 | N49: 2994 | O49: 2535 | P49: 8723 | Q49: 3555 | R49: 17807
A50: 45530 | B50: =IF(A50=A49,B49,B49+1) -> 13 | C50: LinkedIn | D50: 1689 | E50: 176 | F50: 371865 | G50: 38.012182 | H50: 26029 | I50: ='Task 3.1'!N73 -> Product Launch | J50: =D50-E50 -> 1513 | M50: 42 | N50: 8292 | O50: 19728 | R50: 28020
A51: 45530 | B51: =IF(A51=A50,B50,B50+1) -> 13 | C51: Twitter | D51: 6175 | E51: 422 | F51: 377618 | G51: 37.861013 | H51: 59745 | I51: ='Task 3.1'!N74 -> Product Launch | J51: =D51-E51 -> 5753 | M51: 43 | O51: 21227 | Q51: 4189 | R51: 25416
A52: 45530 | B52: =IF(A52=A51,B51,B51+1) -> 13 | C52: Instagram | D52: 9648 | E52: 1417 | F52: 385849 | G52: 3.6633502 | H52: 24226 | I52: ='Task 3.1'!N75 -> Brand Engagement | J52: =D52-E52 -> 8231 | M52: 44 | N52: 6128 | O52: 1660 | P52: 6272 | Q52: 1567 | R52: 15627
A53: 45530 | B53: =IF(A53=A52,B52,B52+1) -> 13 | C53: YouTube | D53: 6078 | E53: 775 | F53: 391152 | G53: 37.760513 | H53: 38731 | I53: ='Task 3.1'!N76 -> Brand Engagement | J53: =D53-E53 -> 5303 | M53: 45 | N53: 1425 | O53: 4542 | P53: 8319 | Q53: 6434 | R53: 20720
A54: 45537 | B54: =IF(A54=A53,B53,B53+1) -> 14 | C54: Instagram | D54: 6448 | E54: 928 | F54: 396672 | G54: 30.118587 | H54: 53922 | I54: ='Task 3.1'!N77 -> Product Launch | J54: =D54-E54 -> 5520 | M54: 46 | O54: 24995 | R54: 24995
A55: 45537 | B55: =IF(A55=A54,B54,B54+1) -> 14 | C55: Instagram | D55: 2179 | E55: 303 | F55: 398548 | G55: 33.909843 | H55: 54848 | I55: ='Task 3.1'!N78 -> Product Launch | J55: =D55-E55 -> 1876 | M55: 47 | N55: 15012 | P55: 7058 | R55: 22070
A56: 45537 | B56: =IF(A56=A55,B55,B55+1) -> 14 | C56: Twitter | D56: 7406 | E56: 813 | F56: 405141 | G56: 24.457411 | H56: 13390 | I56: ='Task 3.1'!N79 -> Sustainability Branding | J56: =D56-E56 -> 6593 | M56: 48 | O56: 1512 | P56: 15937 | R56: 17449
A57: 45537 | B57: =IF(A57=A56,B56,B56+1) -> 14 | C57: LinkedIn | D57: 9591 | E57: 1363 | F57: 413369 | G57: 10.494256 | H57: 15997 | I57: ='Task 3.1'!N80 -> Sustainability Branding | J57: =D57-E57 -> 8228 | M57: 49 | N57: 7959 | O57: 2960 | Q57: 5210 | R57: 16129
A58: 45544 | B58: =IF(A58=A57,B57,B57+1) -> 15 | C58: Instagram | D58: 7907 | E58: 465 | F58: 420811 | G58: 33.257448 | H58: 22693 | I58: ='Task 3.1'!N81 -> Health & Fitness Awareness | J58: =D58-E58 -> 7442 | M58: 50 | N58: 2805 | O58: 8146 | P58: 7436 | R58: 18387
A59: 45544 | B59: =IF(A59=A58,B58,B58+1) -> 15 | C59: YouTube | D59: 9800 | E59: 682 | F59: 429929 | G59: 6.2966211 | H59: 59815 | I59: ='Task 3.1'!N82 -> Health & Fitness Awareness | J59: =D59-E59 -> 9118 | M59: Grand Total | N59: 261862 | O59: 290487 | P59: 303407 | Q59: 230642 | R59: 1086398
A60: 45544 | B60: =IF(A60=A59,B59,B59+1) -> 15 | C60: YouTube | D60: 2638 | E60: 143 | F60: 432424 | G60: 6.9547481 | H60: 52092 | I60: ='Task 3.1'!N83 -> Product Promotion | J60: =D60-E60 -> 2495
A61: 45544 | B61: =IF(A61=A60,B60,B60+1) -> 15 | C61: LinkedIn | D61: 6671 | E61: 550 | F61: 438545 | G61: 17.750288 | H61: 10541 | I61: ='Task 3.1'!N84 -> Product Promotion | J61: =D61-E61 -> 6121
A62: 45551 | B62: =IF(A62=A61,B61,B61+1) -> 16 | C62: YouTube | D62: 7928 | E62: 704 | F62: 445769 | G62: 11.194363 | H62: 31817 | I62: ='Task 3.1'!N85 -> Product Promotion | J62: =D62-E62 -> 7224
A63: 45551 | B63: =IF(A63=A62,B62,B62+1) -> 16 | C63: LinkedIn | D63: 2382 | E63: 183 | F63: 447968 | G63: 4.733597 | H63: 47861 | I63: ='Task 3.1'!N86 -> Product Promotion | J63: =D63-E63 -> 2199
A64: 45551 | B64: =IF(A64=A63,B63,B63+1) -> 16 | C64: YouTube | D64: 2403 | E64: 319 | F64: 450052 | G64: 29.921209 | H64: 23428 | I64: ='Task 3.1'!N87 -> Health & Fitness Awareness | J64: =D64-E64 -> 2084
A65: 45551 | B65: =IF(A65=A64,B64,B64+1) -> 16 | C65: Twitter | D65: 4292 | E65: 367 | F65: 453977 | G65: 3.5037017 | H65: 53934 | I65: ='Task 3.1'!N88 -> Health & Fitness Awareness | J65: =D65-E65 -> 3925
A66: 45558 | B66: =IF(A66=A65,B65,B65+1) -> 17 | C66: Instagram | D66: 1419 | E66: 110 | F66: 455286 | G66: 31.554451 | H66: 58831 | I66: ='Task 3.1'!N89 -> Brand Engagement | J66: =D66-E66 -> 1309
A67: 45558 | B67: =IF(A67=A66,B66,B66+1) -> 17 | C67: Twitter | D67: 5517 | E67: 575 | F67: 460228 | G67: 29.458442 | H67: 20258 | I67: ='Task 3.1'!N90 -> Brand Engagement | J67: =D67-E67 -> 4942
A68: 45558 | B68: =IF(A68=A67,B67,B67+1) -> 17 | C68: Instagram | D68: 4302 | E68: 275 | F68: 464255 | G68: 15.721317 | H68: 26044 | I68: ='Task 3.1'!N91 -> Sustainability Branding | J68: =D68-E68 -> 4027
A69: 45558 | B69: =IF(A69=A68,B68,B68+1) -> 17 | C69: Instagram | D69: 8857 | E69: 1153 | F69: 471959 | G69: 19.214593 | H69: 39411 | I69: ='Task 3.1'!N92 -> Sustainability Branding | J69: =D69-E69 -> 7704
A70: 45565 | B70: =IF(A70=A69,B69,B69+1) -> 18 | C70: Instagram | D70: 8870 | E70: 509 | F70: 480320 | G70: 25.077865 | H70: 15469 | I70: ='Task 3.1'!N93 -> Product Promotion | J70: =D70-E70 -> 8361
A71: 45565 | B71: =IF(A71=A70,B70,B70+1) -> 18 | C71: Twitter | D71: 6693 | E71: 995 | F71: 486018 | G71: 23.761877 | H71: 38854 | I71: ='Task 3.1'!N94 -> Product Promotion | J71: =D71-E71 -> 5698
... A201: 45789 | B201: =IF(A201=A200,B200,B200+1) -> 50 | C201: Twitter | D201: 8527 | E201: 1091 | F201: 1186398 | G201: 1.6760817 | H201: 41703 | I201: ='Task 3.1'!N224 -> Health & Fitness Awareness | J201: =D201-E201 -> 7436

Sheet Task 6.2
A1: Week_Start_Date | B1: Week number | C1: Platform | D1: New_Followers | E1: Unfollows | F1: Total_Followers | G1: Engagement_Rate | H1: Ad_Spend | I1: Campaign | J1: Growth rate
A2: 45740 | B2: 43 | C2: LinkedIn | D2: 9843 | E2: 508 | F2: 1051021 | G2: 4.2080986 | H2: 50785 | I2: Brand Engagement | J2: 9335
A3: 45663 | B3: 32 | C3: LinkedIn | D3: 9980 | E3: 726 | F3: 781868 | G3: 4.0220344 | H3: 58709 | I3: Product Launch | J3: 9254
A4: 45712 | B4: 39 | C4: Instagram | D4: 9754 | E4: 629 | F4: 938068 | G4: 3.4123326 | H4: 19435 | I4: Product Promotion | J4: 9125 | L4: Task 6.2
A5: 45544 | B5: 15 | C5: YouTube | D5: 9800 | E5: 682 | F5: 429929 | G5: 6.2966211 | H5: 59815 | I5: Health & Fitness Awareness | J5: 9118
A6: 45495 | B6: 8 | C6: YouTube | D6: 9734 | E6: 652 | F6: 289283 | G6: 49.647923 | H6: 25379 | I6: Sustainability Branding | J6: 9082 | L6: The peak week of follower growth, that is, the week with the highest growth rate is week 32.
A7: 45740 | B7: 43 | C7: LinkedIn | D7: 9561 | E7: 517 | F7: 1034649 | G7: 6.4086468 | H7: 15347 | I7: Sustainability Branding | J7: 9044
A8: 45712 | B8: 39 | C8: YouTube | D8: 9964 | E8: 985 | F8: 947047 | G8: 1.9837453 | H8: 47766 | I8: Product Promotion | J8: 8979
A9: 45621 | B9: 26 | C9: LinkedIn | D9: 9737 | E9: 792 | F9: 670642 | G9: 5.3017855 | H9: 56698 | I9: Health & Fitness Awareness | J9: 8945
A10: 45726 | B10: 41 | C10: Twitter | D10: 9551 | E10: 828 | F10: 988501 | G10: 1.5250364 | H10: 38047 | I10: Health & Fitness Awareness | J10: 8723
A11: 45467 | B11: 4 | C11: Twitter | D11: 9984 | E11: 1330 | F11: 184850 | G11: 57.524479 | H11: 44947 | I11: Brand Engagement | J11: 8654
A12: 45467 | B12: 4 | C12: YouTube | D12: 9286 | E12: 633 | F12: 198388 | G12: 5.4343005 | H12: 48019 | I12: Brand Engagement | J12: 8653
A13: 45691 | B13: 36 | C13: YouTube | D13: 9599 | E13: 957 | F13: 889484 | G13: 8.7680048 | H13: 11619 | I13: Brand Engagement | J13: 8642
A14: 45607 | B14: 24 | C14: Twitter | D14: 9656 | E14: 1024 | F14: 615820 | G14: 8.7252769 | H14: 58998 | I14: Product Promotion | J14: 8632
A15: 45663 | B15: 32 | C15: YouTube | D15: 9906 | E15: 1305 | F15: 798137 | G15: 9.1811306 | H15: 29715 | I15: Brand Engagement | J15: 8601
A16: 45642 | B16: 29 | C16: LinkedIn | D16: 9616 | E16: 1089 | F16: 723286 | G16: 19.258634 | H16: 15017 | I16: Brand Engagement | J16: 8527
A17: 45677 | B17: 34 | C17: Twitter | D17: 9080 | E17: 562 | F17: 826926 | G17: 7.1083749 | H17: 13384 | I17: Brand Engagement | J17: 8518
A18: 45586 | B18: 21 | C18: Instagram | D18: 8993 | E18: 506 | F18: 562232 | G18: 3.5131405 | H18: 20028 | I18: Product Launch | J18: 8487
... A201: 45782 | B201: 49 | C201: LinkedIn | D201: 1038 | E201: 145 | F201: 1152775 | G201: 11.093752 | H201: 55951 | I201: Sustainability Branding | J201: 893

Sheet Task 6.4
A1: Week_Start_Date | B1: Week number | C1: Platform | D1: New_Followers | E1: Unfollows | F1: Total_Followers | G1: Engagement_Rate | H1: Campaign | I1: Growth rate | J1: Ad_Spend
A2: 45446 | B2: 1 | C2: Instagram | D2: 4138 | E2: 361 | F2: 103777 | G2: 56.637791 | H2: Health & Fitness Awareness | I2: 3777 | J2: 23944
A3: 45446 | B3: 1 | C3: Twitter | D3: 8693 | E3: 1261 | F3: 111209 | G3: 69.475492 | H3: Health & Fitness Awareness | I3: 7432 | J3: 29873
A4: 45446 | B4: 1 | C4: YouTube | D4: 9264 | E4: 1141 | F4: 119332 | G4: 92.312205 | H4: Sustainability Branding | I4: 8123 | J4: 50372
A5: 45446 | B5: 1 | C5: YouTube | D5: 8842 | E5: 971 | F5: 127203 | G5: 16.351816 | H5: Sustainability Branding | I5: 7871 | J5: 33928
A6: 45453 | B6: 2 | C6: Instagram | D6: 7721 | E6: 506 | F6: 134418 | G6: 35.577824 | H6: Health & Fitness Awareness | I6: 7215 | J6: 25379
A7: 45453 | B7: 2 | C7: YouTube | D7: 8002 | E7: 524 | F7: 141896 | G7: 52.064893 | H7: Health & Fitness Awareness | I7: 7478 | J7: 46751
A8: 45453 | B8: 2 | C8: Twitter | D8: 5225 | E8: 291 | F8: 146830 | G8: 19.551863 | H8: Product Launch | I8: 4934 | J8: 44546
A9: 45453 | B9: 2 | C9: Twitter | D9: 3978 | E9: 543 | F9: 150265 | G9: 49.159818 | H9: Health & Fitness Awareness | I9: 3435 | J9: 34286 | M9: Task 6.4
A10: 45460 | B10: 3 | C10: Instagram | D10: 8373 | E10: 921 | F10: 157717 | G10: 12.226329 | H10: Health & Fitness Awareness | I10: 7452 | J10: 15110
A11: 45460 | B11: 3 | C11: Twitter | D11: 6907 | E11: 834 | F11: 163790 | G11: 54.158984 | H11: Product Launch | I11: 6073 | J11: 22087
A12: 45460 | B12: 3 | C12: LinkedIn | D12: 7097 | E12: 369 | F12: 170518 | G12: 9.2506363 | H12: Brand Engagement | I12: 6728 | J12: 33762
A13: 45460 | B13: 3 | C13: Instagram | D13: 6656 | E13: 978 | F13: 176196 | G13: 60.425889 | H13: Brand Engagement | I13: 5678 | J13: 27081
A14: 45467 | B14: 4 | C14: Twitter | D14: 9984 | E14: 1330 | F14: 184850 | G14: 57.524479 | H14: Brand Engagement | I14: 8654 | J14: 44947
A15: 45467 | B15: 4 | C15: Instagram | D15: 5259 | E15: 374 | F15: 189735 | G15: 14.827523 | H15: Brand Engagement | I15: 4885 | J15: 19596
A16: 45467 | B16: 4 | C16: YouTube | D16: 9286 | E16: 633 | F16: 198388 | G16: 5.4343005 | H16: Brand Engagement | I16: 8653 | J16: 48019
A17: 45467 | B17: 4 | C17: Twitter | D17: 6901 | E17: 471 | F17: 204818 | G17: 60.827662 | H17: Product Promotion | I17: 6430 | J17: 52003
A18: 45474 | B18: 5 | C18: LinkedIn | D18: 5917 | E18: 475 | F18: 210260 | G18: 17.894036 | H18: Product Promotion | I18: 5442 | J18: 28313
A19: 45474 | B19: 5 | C19: Twitter | D19: 9429 | E19: 966 | F19: 218723 | G19: 7.6914636 | H19: Product Launch | I19: 8463 | J19: 57639
A20: 45474 | B20: 5 | C20: Instagram | D20: 3530 | E20: 328 | F20: 221925 | G20: 12.83722 | H20: Product Launch | I20: 3202 | J20: 11013
A21: 45474 | B21: 5 | C21: Instagram | D21: 2960 | E21: 234 | F21: 224651 | G21: 17.412787 | H21: Sustainability Branding | I21: 2726 | J21: 59378
... A32: 45495 | B32: 8 | C32: LinkedIn | D32: 8967 | E32: 993 | F32: 280201 | G32: 52.792103 | H32: Brand Engagement | I32: 7974 | J32: 47804
A33: 45495 | B33: 8 | C33: YouTube | D33: 9734 | E33: 652 | F33: 289283 | G33: 49.647923 | H33: Sustainability Branding | I33: 9082 | J33: 25379 | M33: There is little to no correlation between ad spend and follower growth as the followers grow even if the ad spend is limited
A34: 45502 | B34: 9 | C34: LinkedIn | D34: 1845 | E34: 104 | F34: 291024 | G34: 28.158159 | H34: Sustainability Branding | I34: 1741 | J34: 37766
A35: 45502 | B35: 9 | C35: LinkedIn | D35: 6777 | E35: 981 | F35: 296820 | G35: 23.920558 | H35: Sustainability Branding | I35: 5796 | J35: 53590
A36: 45502 | B36: 9 | C36: YouTube | D36: 4036 | E36: 591 | F36: 300265 | G36: 44.219273 | H36: Sustainability Branding | I36: 3445 | J36: 12563
A37: 45502 | B37: 9 | C37: Twitter | D37: 6947 | E37: 908 | F37: 306304 | G37: 14.117674 | H37: Product Promotion | I37: 6039 | J37: 46060
A38: 45509 | B38: 10 | C38: Instagram | D38: 3494 | E38: 281 | F38: 309517 | G38: 27.765519 | H38: Brand Engagement | I38: 3213 | J38: 39197
A39: 45509 | B39: 10 | C39: Twitter | D39: 3719 | E39: 222 | F39: 313014 | G39: 21.669318 | H39: Brand Engagement | I39: 3497 | J39: 13586
A40: 45509 | B40: 10 | C40: YouTube | D40: 2884 | E40: 341 | F40: 315557 | G40: 46.99975 | H40: Product Launch | I40: 2543 | J40: 26087
A41: 45509 | B41: 10 | C41: LinkedIn | D41: 5349 | E41: 502 | F41: 320404 | G41: 5.2152907 | H41: Product Launch | I41: 4847 | J41: 58868
A42: 45516 | B42: 11 | C42: Twitter | D42: 6179 | E42: 384 | F42: 326199 | G42: 14.712185 | H42: Product Promotion | I42: 5795 | J42: 33225
A43: 45516 | B43: 11 | C43: Instagram | D43: 7610 | E43: 757 | F43: 333052 | G43: 44.450416 | H43: Product Promotion | I43: 6853 | J43: 39750
A44: 45516 | B44: 11 | C44: YouTube | D44: 7430 | E44: 397 | F44: 340085 | G44: 28.065043 | H44: Health & Fitness Awareness | I44: 7033 | J44: 16643
A45: 45516 | B45: 11 | C45: Twitter | D45: 8154 | E45: 1149 | F45: 347090 | G45: 26.003918 | H45: Health & Fitness Awareness | I45: 7005 | J45: 37523
... A201: 45789 | B201: 50 | C201: Twitter | D201: 8527 | E201: 1091 | F201: 1186398 | G201: 1.6760817 | H201: Health & Fitness Awareness | I201: 7436 | J201: 41703

Sheet Task 7
A2: Video Link:
A3: https://drive.google.com/drive/folders/1ErqGqqP4qf2EoU69O5RykIUk3QLB1M-r?usp=sharing
